names,picture,height,weight
Precious Achiuwa,https://www.basketball-reference.com/req/202106291/images/players/achiupr01.jpg,225lb,6'8
Quincy Acy,https://www.basketball-reference.com/req/202106291/images/players/acyqu01.jpg,240lb,6'7
Jaylen Adams,https://www.basketball-reference.com/req/202106291/images/players/adamsja01.jpg,225lb,6'0
Steven Adams,https://www.basketball-reference.com/req/202106291/images/players/adamsst01.jpg,265lb,6'11
Bam Adebayo,https://www.basketball-reference.com/req/202106291/images/players/adebaba01.jpg,255lb,6'9
Deng Adel,https://www.basketball-reference.com/req/202106291/images/players/adelde01.jpg,200lb,6'7
DeVaughn Akoon-Purcell,https://www.basketball-reference.com/req/202106291/images/players/akoonde01.jpg,200lb,6'6
Santi Aldama,https://www.basketball-reference.com/req/202106291/images/players/aldamsa01.jpg,224lb,6'11
LaMarcus Aldridge,https://www.basketball-reference.com/req/202106291/images/players/aldrila01.jpg,250lb,6'11
Kyle Alexander,https://www.basketball-reference.com/req/202106291/images/players/alexaky01.jpg,220lb,6'11
Ty-Shon Alexander,https://www.basketball-reference.com/req/202106291/images/players/alexaty01.jpg,195lb,6'3
Nickeil Alexander-Walker,https://www.basketball-reference.com/req/202106291/images/players/alexani01.jpg,205lb,6'6
Rawle Alkins,https://www.basketball-reference.com/req/202106291/images/players/alkinra01.jpg,225lb,6'5
Grayson Allen,https://www.basketball-reference.com/req/202106291/images/players/allengr01.jpg,198lb,6'4
Jarrett Allen,https://www.basketball-reference.com/req/202106291/images/players/allenja01.jpg,243lb,6'11
Kadeem Allen,https://www.basketball-reference.com/req/202106291/images/players/allenka01.jpg,200lb,6'1
Jose Alvarado,https://www.basketball-reference.com/req/202106291/images/players/alvarjo01.jpg,179lb,6'0
Al-Farouq Aminu,https://www.basketball-reference.com/req/202106291/images/players/aminual01.jpg,220lb,6'8
Justin Anderson,https://www.basketball-reference.com/req/202106291/images/players/anderju01.jpg,230lb,6'6
Kyle Anderson,https://www.basketball-reference.com/req/202106291/images/players/anderky01.jpg,230lb,6'9
Ryan Anderson,https://www.basketball-reference.com/req/202106291/images/players/anderry01.jpg,240lb,6'9
Ike Anigbogu,https://www.basketball-reference.com/req/202106291/images/players/anigbik01.jpg,250lb,6'10
Giannis Antetokounmpo,https://www.basketball-reference.com/req/202106291/images/players/antetgi01.jpg,242lb,6'11
Kostas Antetokounmpo,https://www.basketball-reference.com/req/202106291/images/players/antetko01.jpg,200lb,6'10
Thanasis Antetokounmpo,https://www.basketball-reference.com/req/202106291/images/players/antetth01.jpg,219lb,6'6
Carmelo Anthony,https://www.basketball-reference.com/req/202106291/images/players/anthoca01.jpg,238lb,6'7
Cole Anthony,https://www.basketball-reference.com/req/202106291/images/players/anthoco01.jpg,185lb,6'2
OG Anunoby,https://www.basketball-reference.com/req/202106291/images/players/anunoog01.jpg,232lb,6'7
Ryan Arcidiacono,https://www.basketball-reference.com/req/202106291/images/players/arcidry01.jpg,195lb,6'3
Trevor Ariza,https://www.basketball-reference.com/req/202106291/images/players/arizatr01.jpg,215lb,6'8
D.J. Augustin,https://www.basketball-reference.com/req/202106291/images/players/augusdj01.jpg,183lb,5'11
Deni Avdija,https://www.basketball-reference.com/req/202106291/images/players/avdijde01.jpg,210lb,6'9
Joel Ayayi,https://www.basketball-reference.com/req/202106291/images/players/ayayijo01.jpg,180lb,6'5
Deandre Ayton,https://www.basketball-reference.com/req/202106291/images/players/aytonde01.jpg,250lb,6'11
Udoka Azubuike,https://www.basketball-reference.com/req/202106291/images/players/azubuud01.jpg,280lb,6'10
Dwayne Bacon,https://www.basketball-reference.com/req/202106291/images/players/bacondw01.jpg,221lb,6'6
Marvin Bagley III,https://www.basketball-reference.com/req/202106291/images/players/baglema01.jpg,235lb,6'11
Wade Baldwin,https://www.basketball-reference.com/req/202106291/images/players/baldwwa01.jpg,200lb,6'4
LaMelo Ball,https://www.basketball-reference.com/req/202106291/images/players/ballla01.jpg,180lb,6'7
Lonzo Ball,https://www.basketball-reference.com/req/202106291/images/players/balllo01.jpg,190lb,6'6
Mo Bamba,https://www.basketball-reference.com/req/202106291/images/players/bambamo01.jpg,231lb,7'0
Desmond Bane,https://www.basketball-reference.com/req/202106291/images/players/banede01.jpg,215lb,6'5
Dalano Banton,https://www.basketball-reference.com/req/202106291/images/players/bantoda01.jpg,204lb,6'9
Cat Barber,https://www.basketball-reference.com/req/202106291/images/players/barbeca01.jpg,190lb,6'2
Harrison Barnes,https://www.basketball-reference.com/req/202106291/images/players/barneha02.jpg,225lb,6'8
Scottie Barnes,https://www.basketball-reference.com/req/202106291/images/players/barnesc01.jpg,227lb,6'9
RJ Barrett,https://www.basketball-reference.com/req/202106291/images/players/barrerj01.jpg,214lb,6'6
Will Barton,https://www.basketball-reference.com/req/202106291/images/players/bartowi01.jpg,181lb,6'6
Paris Bass,NULL,200lb,6'6
Charles Bassey,https://www.basketball-reference.com/req/202106291/images/players/bassech01.jpg,235lb,6'11
Keita Bates-Diop,https://www.basketball-reference.com/req/202106291/images/players/bateske01.jpg,229lb,6'8
Nicolas Batum,https://www.basketball-reference.com/req/202106291/images/players/batumni01.jpg,230lb,6'8
Aron Baynes,https://www.basketball-reference.com/req/202106291/images/players/baynear01.jpg,260lb,6'10
Kent Bazemore,https://www.basketball-reference.com/req/202106291/images/players/bazemke01.jpg,195lb,6'4
Darius Bazley,https://www.basketball-reference.com/req/202106291/images/players/bazleda01.jpg,208lb,6'8
Bradley Beal,https://www.basketball-reference.com/req/202106291/images/players/bealbr01.jpg,207lb,6'4
Malik Beasley,https://www.basketball-reference.com/req/202106291/images/players/beaslma01.jpg,187lb,6'4
Michael Beasley,https://www.basketball-reference.com/req/202106291/images/players/beaslmi01.jpg,235lb,6'9
Jordan Bell,https://www.basketball-reference.com/req/202106291/images/players/belljo01.jpg,216lb,6'8
DeAndre' Bembry,https://www.basketball-reference.com/req/202106291/images/players/bembrde01.jpg,210lb,6'5
Dragan Bender,https://www.basketball-reference.com/req/202106291/images/players/bendedr01.jpg,225lb,7'0
Dairis Bertans,https://www.basketball-reference.com/req/202106291/images/players/bertada02.jpg,200lb,6'4
Davis Bertans,https://www.basketball-reference.com/req/202106291/images/players/bertada01.jpg,225lb,6'10
Patrick Beverley,https://www.basketball-reference.com/req/202106291/images/players/beverpa01.jpg,180lb,6'1
Saddiq Bey,https://www.basketball-reference.com/req/202106291/images/players/beysa01.jpg,215lb,6'7
Tyler Bey,https://www.basketball-reference.com/req/202106291/images/players/beyty01.jpg,215lb,6'7
Khem Birch,https://www.basketball-reference.com/req/202106291/images/players/birchkh01.jpg,233lb,6'9
Jabari Bird,https://www.basketball-reference.com/req/202106291/images/players/birdja01.jpg,198lb,6'6
Goga Bitadze,https://www.basketball-reference.com/req/202106291/images/players/bitadgo01.jpg,250lb,6'11
Bismack Biyombo,https://www.basketball-reference.com/req/202106291/images/players/biyombi01.jpg,255lb,6'8
Nemanja Bjelica,https://www.basketball-reference.com/req/202106291/images/players/bjeline01.jpg,234lb,6'10
Antonio Blakeney,https://www.basketball-reference.com/req/202106291/images/players/blakean01.jpg,192lb,6'4
Eric Bledsoe,https://www.basketball-reference.com/req/202106291/images/players/bledser01.jpg,214lb,6'1
Keljin Blevins,https://www.basketball-reference.com/req/202106291/images/players/blevike01.jpg,200lb,6'4
Jaron Blossomgame,https://www.basketball-reference.com/req/202106291/images/players/blossja01.jpg,220lb,6'8
Bogdan Bogdanovic,https://www.basketball-reference.com/req/202106291/images/players/bogdabo01.jpg,220lb,6'6
Bojan Bogdanovic,https://www.basketball-reference.com/req/202106291/images/players/bogdabo02.jpg,226lb,6'7
Bol Bol,https://www.basketball-reference.com/req/202106291/images/players/bolbo01.jpg,220lb,7'2
Jonah Bolden,https://www.basketball-reference.com/req/202106291/images/players/boldejo01.jpg,220lb,6'8
Marques Bolden,https://www.basketball-reference.com/req/202106291/images/players/boldema01.jpg,249lb,6'10
Leandro Bolmaro,https://www.basketball-reference.com/req/202106291/images/players/bolmale01.jpg,200lb,6'6
Jordan Bone,https://www.basketball-reference.com/req/202106291/images/players/bonejo01.jpg,180lb,6'2
Isaac Bonga,https://www.basketball-reference.com/req/202106291/images/players/bongais01.jpg,180lb,6'8
Devin Booker,https://www.basketball-reference.com/req/202106291/images/players/bookede01.jpg,206lb,6'5
Brandon Boston Jr.,https://www.basketball-reference.com/req/202106291/images/players/bostobr01.jpg,185lb,6'7
Chris Boucher,https://www.basketball-reference.com/req/202106291/images/players/bouchch01.jpg,200lb,6'9
James Bouknight,https://www.basketball-reference.com/req/202106291/images/players/bouknja01.jpg,190lb,6'5
Brian Bowen,https://www.basketball-reference.com/req/202106291/images/players/bowenbr02.jpg,190lb,6'6
Ky Bowman,https://www.basketball-reference.com/req/202106291/images/players/bowmaky01.jpg,187lb,6'1
Avery Bradley,https://www.basketball-reference.com/req/202106291/images/players/bradlav01.jpg,180lb,6'3
Tony Bradley,https://www.basketball-reference.com/req/202106291/images/players/bradlto01.jpg,248lb,6'10
Jarrell Brantley,https://www.basketball-reference.com/req/202106291/images/players/brantja01.jpg,250lb,6'5
Ignas Brazdeikis,https://www.basketball-reference.com/req/202106291/images/players/brazdig01.jpg,221lb,6'6
Mikal Bridges,https://www.basketball-reference.com/req/202106291/images/players/bridgmi01.jpg,209lb,6'6
Miles Bridges,https://www.basketball-reference.com/req/202106291/images/players/bridgmi02.jpg,225lb,6'6
Amida Brimah,https://www.basketball-reference.com/req/202106291/images/players/brimaam01.jpg,230lb,6'10
Isaiah Briscoe,https://www.basketball-reference.com/req/202106291/images/players/briscis01.jpg,215lb,6'3
Oshae Brissett,https://www.basketball-reference.com/req/202106291/images/players/brissos01.jpg,210lb,6'7
Ryan Broekhoff,https://www.basketball-reference.com/req/202106291/images/players/broekry01.jpg,215lb,6'6
Malcolm Brogdon,https://www.basketball-reference.com/req/202106291/images/players/brogdma01.jpg,229lb,6'5
Armoni Brooks,https://www.basketball-reference.com/req/202106291/images/players/brookar01.jpg,195lb,6'3
Dillon Brooks,https://www.basketball-reference.com/req/202106291/images/players/brookdi01.jpg,225lb,6'7
MarShon Brooks,https://www.basketball-reference.com/req/202106291/images/players/brookma01.jpg,200lb,6'5
Bruce Brown,https://www.basketball-reference.com/req/202106291/images/players/brownbr01.jpg,202lb,6'4
Charlie Brown Jr.,https://www.basketball-reference.com/req/202106291/images/players/brownch02.jpg,199lb,6'6
Chaundee Brown Jr.,https://www.basketball-reference.com/req/202106291/images/players/brownch05.jpg,215lb,6'5
Greg Brown III,https://www.basketball-reference.com/req/202106291/images/players/browngr01.jpg,205lb,6'9
Jaylen Brown,https://www.basketball-reference.com/req/202106291/images/players/brownja02.jpg,223lb,6'6
Lorenzo Brown,https://www.basketball-reference.com/req/202106291/images/players/brownlo01.jpg,189lb,6'5
Moses Brown,https://www.basketball-reference.com/req/202106291/images/players/brownmo01.jpg,245lb,7'2
Sterling Brown,https://www.basketball-reference.com/req/202106291/images/players/brownst02.jpg,219lb,6'5
Troy Brown Jr.,https://www.basketball-reference.com/req/202106291/images/players/browntr01.jpg,215lb,6'6
Jalen Brunson,https://www.basketball-reference.com/req/202106291/images/players/brunsja01.jpg,190lb,6'1
Elijah Bryant,NULL,200lb,6'6
Thomas Bryant,https://www.basketball-reference.com/req/202106291/images/players/bryanth01.jpg,248lb,6'10
Shaq Buchanan,https://www.basketball-reference.com/req/202106291/images/players/buchash01.jpg,190lb,6'3
Reggie Bullock,https://www.basketball-reference.com/req/202106291/images/players/bullore01.jpg,205lb,6'6
Trey Burke,https://www.basketball-reference.com/req/202106291/images/players/burketr01.jpg,185lb,6'0
Alec Burks,https://www.basketball-reference.com/req/202106291/images/players/burksal01.jpg,214lb,6'6
Deonte Burton,https://www.basketball-reference.com/req/202106291/images/players/burtode02.jpg,240lb,6'4
Jared Butler,https://www.basketball-reference.com/req/202106291/images/players/butleja02.jpg,195lb,6'3
Jimmy Butler,https://www.basketball-reference.com/req/202106291/images/players/butleji01.jpg,230lb,6'7
Bruno Caboclo,https://www.basketball-reference.com/req/202106291/images/players/cabocbr01.jpg,218lb,6'9
Devontae Cacok,https://www.basketball-reference.com/req/202106291/images/players/cacokde01.jpg,240lb,6'7
Kentavious Caldwell-Pope,https://www.basketball-reference.com/req/202106291/images/players/caldwke01.jpg,204lb,6'5
Facundo Campazzo,https://www.basketball-reference.com/req/202106291/images/players/campafa01.jpg,195lb,5'10
Isaiah Canaan,https://www.basketball-reference.com/req/202106291/images/players/canaais01.jpg,201lb,6'0
Vlatko Cancar,https://www.basketball-reference.com/req/202106291/images/players/cancavl01.jpg,236lb,6'8
Devin Cannady,NULL,200lb,6'6
Clint Capela,https://www.basketball-reference.com/req/202106291/images/players/capelca01.jpg,240lb,6'10
Vernon Carey Jr.,https://www.basketball-reference.com/req/202106291/images/players/careyve01.jpg,270lb,6'9
DeMarre Carroll,https://www.basketball-reference.com/req/202106291/images/players/carrode01.jpg,215lb,6'6
Jevon Carter,https://www.basketball-reference.com/req/202106291/images/players/carteje01.jpg,200lb,6'1
Wendell Carter Jr.,https://www.basketball-reference.com/req/202106291/images/players/cartewe01.jpg,270lb,6'10
Michael Carter-Williams,https://www.basketball-reference.com/req/202106291/images/players/cartemi01.jpg,190lb,6'5
Alex Caruso,https://www.basketball-reference.com/req/202106291/images/players/carusal01.jpg,186lb,6'4
Willie Cauley-Stein,https://www.basketball-reference.com/req/202106291/images/players/caulewi01.jpg,240lb,7'0
Troy Caupain,https://www.basketball-reference.com/req/202106291/images/players/caupatr01.jpg,210lb,6'4
Tyler Cavanaugh,https://www.basketball-reference.com/req/202106291/images/players/cavanty01.jpg,238lb,6'9
Ahmad Caver,NULL,200lb,6'6
Justin Champagnie,https://www.basketball-reference.com/req/202106291/images/players/champju01.jpg,200lb,6'6
Wilson Chandler,https://www.basketball-reference.com/req/202106291/images/players/chandwi01.jpg,235lb,6'8
Joe Chealey,https://www.basketball-reference.com/req/202106291/images/players/chealjo01.jpg,190lb,6'3
Zylan Cheatham,https://www.basketball-reference.com/req/202106291/images/players/cheatzy01.jpg,220lb,6'5
Chris Chiozza,https://www.basketball-reference.com/req/202106291/images/players/chiozch01.jpg,175lb,5'11
Marquese Chriss,https://www.basketball-reference.com/req/202106291/images/players/chrisma01.jpg,240lb,6'9
Josh Christopher,https://www.basketball-reference.com/req/202106291/images/players/chrisjo01.jpg,215lb,6'5
Gary Clark,https://www.basketball-reference.com/req/202106291/images/players/clarkga01.jpg,225lb,6'6
Ian Clark,https://www.basketball-reference.com/req/202106291/images/players/clarkia01.jpg,175lb,6'3
Brandon Clarke,https://www.basketball-reference.com/req/202106291/images/players/clarkbr01.jpg,215lb,6'8
Jordan Clarkson,https://www.basketball-reference.com/req/202106291/images/players/clarkjo01.jpg,194lb,6'4
Nic Claxton,https://www.basketball-reference.com/req/202106291/images/players/claxtni01.jpg,215lb,6'11
Chris Clemons,https://www.basketball-reference.com/req/202106291/images/players/clemoch01.jpg,180lb,5'9
Antonius Cleveland,https://www.basketball-reference.com/req/202106291/images/players/clevean01.jpg,195lb,6'5
Amir Coffey,https://www.basketball-reference.com/req/202106291/images/players/coffeam01.jpg,210lb,6'7
John Collins,https://www.basketball-reference.com/req/202106291/images/players/collijo01.jpg,235lb,6'9
Zach Collins,https://www.basketball-reference.com/req/202106291/images/players/colliza01.jpg,250lb,6'11
Darren Collison,https://www.basketball-reference.com/req/202106291/images/players/collida01.jpg,175lb,6'0
Bonzie Colson,https://www.basketball-reference.com/req/202106291/images/players/colsobo01.jpg,224lb,6'6
Mike Conley,https://www.basketball-reference.com/req/202106291/images/players/conlemi01.jpg,175lb,6'1
Pat Connaughton,https://www.basketball-reference.com/req/202106291/images/players/connapa01.jpg,209lb,6'5
Quinn Cook,https://www.basketball-reference.com/req/202106291/images/players/cookqu01.jpg,180lb,6'1
Tyler Cook,https://www.basketball-reference.com/req/202106291/images/players/cookty01.jpg,255lb,6'8
Sharife Cooper,https://www.basketball-reference.com/req/202106291/images/players/coopesh01.jpg,180lb,6'1
Petr Cornelie,https://www.basketball-reference.com/req/202106291/images/players/cornepe01.jpg,220lb,6'11
DeMarcus Cousins,https://www.basketball-reference.com/req/202106291/images/players/couside01.jpg,270lb,6'10
Robert Covington,https://www.basketball-reference.com/req/202106291/images/players/covinro01.jpg,209lb,6'7
Allen Crabbe,https://www.basketball-reference.com/req/202106291/images/players/crabbal01.jpg,212lb,6'5
Torrey Craig,https://www.basketball-reference.com/req/202106291/images/players/craigto01.jpg,221lb,6'7
Mitch Creek,https://www.basketball-reference.com/req/202106291/images/players/creekmi01.jpg,216lb,6'5
Jae Crowder,https://www.basketball-reference.com/req/202106291/images/players/crowdja01.jpg,235lb,6'6
Jarrett Culver,https://www.basketball-reference.com/req/202106291/images/players/culveja01.jpg,195lb,6'6
Jarron Cumberland,NULL,200lb,6'6
Cade Cunningham,https://www.basketball-reference.com/req/202106291/images/players/cunnica01.jpg,220lb,6'6
Dante Cunningham,https://www.basketball-reference.com/req/202106291/images/players/cunnida01.jpg,230lb,6'8
Seth Curry,https://www.basketball-reference.com/req/202106291/images/players/curryse01.jpg,185lb,6'2
Stephen Curry,https://www.basketball-reference.com/req/202106291/images/players/curryst01.jpg,185lb,6'2
Troy Daniels,https://www.basketball-reference.com/req/202106291/images/players/danietr01.jpg,200lb,6'4
Nate Darling,NULL,200lb,6'6
Anthony Davis,https://www.basketball-reference.com/req/202106291/images/players/davisan02.jpg,253lb,6'10
Deyonta Davis,https://www.basketball-reference.com/req/202106291/images/players/davisde01.jpg,237lb,6'11
Ed Davis,https://www.basketball-reference.com/req/202106291/images/players/davised01.jpg,218lb,6'9
Terence Davis,https://www.basketball-reference.com/req/202106291/images/players/daviste02.jpg,201lb,6'4
Tyler Davis,https://www.basketball-reference.com/req/202106291/images/players/davisty01.jpg,266lb,6'10
Javin DeLaurier,https://www.basketball-reference.com/req/202106291/images/players/delauja01.jpg,237lb,6'10
DeMar DeRozan,https://www.basketball-reference.com/req/202106291/images/players/derozde01.jpg,220lb,6'6
Gabriel Deck,https://www.basketball-reference.com/req/202106291/images/players/deckga01.jpg,232lb,6'8
Dewayne Dedmon,https://www.basketball-reference.com/req/202106291/images/players/dedmode01.jpg,245lb,7'0
Sam Dekker,https://www.basketball-reference.com/req/202106291/images/players/dekkesa01.jpg,230lb,6'9
Matthew Dellavedova,https://www.basketball-reference.com/req/202106291/images/players/dellama01.jpg,200lb,6'3
Marcus Derrickson,https://www.basketball-reference.com/req/202106291/images/players/derrima01.jpg,249lb,6'7
Donte DiVincenzo,https://www.basketball-reference.com/req/202106291/images/players/divindo01.jpg,203lb,6'4
Mamadi Diakite,https://www.basketball-reference.com/req/202106291/images/players/diakima01.jpg,228lb,6'9
Cheick Diallo,https://www.basketball-reference.com/req/202106291/images/players/diallch01.jpg,219lb,6'8
Hamidou Diallo,https://www.basketball-reference.com/req/202106291/images/players/diallha01.jpg,202lb,6'5
Gorgui Dieng,https://www.basketball-reference.com/req/202106291/images/players/dienggo01.jpg,252lb,6'10
Spencer Dinwiddie,https://www.basketball-reference.com/req/202106291/images/players/dinwisp01.jpg,215lb,6'5
Luka Doncic,https://www.basketball-reference.com/req/202106291/images/players/doncilu01.jpg,230lb,6'7
Tyler Dorsey,https://www.basketball-reference.com/req/202106291/images/players/dorsety01.jpg,183lb,6'5
Luguentz Dort,https://www.basketball-reference.com/req/202106291/images/players/dortlu01.jpg,215lb,6'3
Ayo Dosunmu,https://www.basketball-reference.com/req/202106291/images/players/dosunay01.jpg,200lb,6'5
Damyean Dotson,https://www.basketball-reference.com/req/202106291/images/players/dotsoda01.jpg,210lb,6'5
Devon Dotson,https://www.basketball-reference.com/req/202106291/images/players/dotsode01.jpg,185lb,6'2
Sekou Doumbouya,https://www.basketball-reference.com/req/202106291/images/players/doumbse01.jpg,230lb,6'8
Jeff Dowtin,https://www.basketball-reference.com/req/202106291/images/players/dowtije01.jpg,185lb,6'3
PJ Dozier,https://www.basketball-reference.com/req/202106291/images/players/doziepj01.jpg,205lb,6'6
Goran Dragic,https://www.basketball-reference.com/req/202106291/images/players/dragigo01.jpg,190lb,6'3
Andre Drummond,https://www.basketball-reference.com/req/202106291/images/players/drumman01.jpg,279lb,6'10
Chris Duarte,https://www.basketball-reference.com/req/202106291/images/players/duartch01.jpg,190lb,6'6
David Duke Jr.,https://www.basketball-reference.com/req/202106291/images/players/dukeda01.jpg,205lb,6'5
Kris Dunn,https://www.basketball-reference.com/req/202106291/images/players/dunnkr01.jpg,205lb,6'3
Kevin Durant,https://www.basketball-reference.com/req/202106291/images/players/duranke01.jpg,240lb,6'10
Trevon Duval,https://www.basketball-reference.com/req/202106291/images/players/duvaltr01.jpg,189lb,6'2
Jaime Echenique,https://www.basketball-reference.com/req/202106291/images/players/echenja01.jpg,258lb,6'11
Anthony Edwards,https://www.basketball-reference.com/req/202106291/images/players/edwaran01.jpg,225lb,6'4
Carsen Edwards,https://www.basketball-reference.com/req/202106291/images/players/edwarca01.jpg,200lb,5'11
Kessler Edwards,https://www.basketball-reference.com/req/202106291/images/players/edwarke02.jpg,215lb,6'8
Rob Edwards,https://www.basketball-reference.com/req/202106291/images/players/edwarro01.jpg,205lb,6'5
Vince Edwards,https://www.basketball-reference.com/req/202106291/images/players/edwarvi01.jpg,225lb,6'8
CJ Elleby,https://www.basketball-reference.com/req/202106291/images/players/ellebcj01.jpg,200lb,6'6
Henry Ellenson,https://www.basketball-reference.com/req/202106291/images/players/ellenhe01.jpg,240lb,6'10
Wayne Ellington,https://www.basketball-reference.com/req/202106291/images/players/ellinwa01.jpg,207lb,6'4
Joel Embiid,https://www.basketball-reference.com/req/202106291/images/players/embiijo01.jpg,280lb,7'0
James Ennis III,https://www.basketball-reference.com/req/202106291/images/players/ennisja01.jpg,215lb,6'6
Drew Eubanks,https://www.basketball-reference.com/req/202106291/images/players/eubandr01.jpg,245lb,6'9
Jacob Evans,https://www.basketball-reference.com/req/202106291/images/players/evansja02.jpg,210lb,6'4
Jawun Evans,https://www.basketball-reference.com/req/202106291/images/players/evansja01.jpg,185lb,6'0
Tyreke Evans,https://www.basketball-reference.com/req/202106291/images/players/evansty01.jpg,220lb,6'6
Dante Exum,https://www.basketball-reference.com/req/202106291/images/players/exumda01.jpg,214lb,6'5
Tacko Fall,https://www.basketball-reference.com/req/202106291/images/players/fallta01.jpg,311lb,7'6
Kenneth Faried,https://www.basketball-reference.com/req/202106291/images/players/farieke01.jpg,220lb,6'8
Derrick Favors,https://www.basketball-reference.com/req/202106291/images/players/favorde01.jpg,265lb,6'9
Cristiano Felício,https://www.basketball-reference.com/req/202106291/images/players/feliccr01.jpg,270lb,6'11
Terrance Ferguson,https://www.basketball-reference.com/req/202106291/images/players/fergute01.jpg,190lb,6'6
Bruno Fernando,https://www.basketball-reference.com/req/202106291/images/players/fernabr01.jpg,240lb,6'9
Yogi Ferrell,https://www.basketball-reference.com/req/202106291/images/players/ferreyo01.jpg,178lb,6'0
Dorian Finney-Smith,https://www.basketball-reference.com/req/202106291/images/players/finnedo01.jpg,220lb,6'7
Malik Fitts,https://www.basketball-reference.com/req/202106291/images/players/fittsma01.jpg,230lb,6'8
Malachi Flynn,https://www.basketball-reference.com/req/202106291/images/players/flynnma01.jpg,175lb,6'1
Bryn Forbes,https://www.basketball-reference.com/req/202106291/images/players/forbebr01.jpg,205lb,6'2
Aleem Ford,NULL,200lb,6'6
Trent Forrest,https://www.basketball-reference.com/req/202106291/images/players/forretr01.jpg,210lb,6'4
Evan Fournier,https://www.basketball-reference.com/req/202106291/images/players/fournev01.jpg,205lb,6'7
De'Aaron Fox,https://www.basketball-reference.com/req/202106291/images/players/foxde01.jpg,185lb,6'3
Robert Franks,https://www.basketball-reference.com/req/202106291/images/players/frankro01.jpg,225lb,6'7
Melvin Frazier,https://www.basketball-reference.com/req/202106291/images/players/frazime01.jpg,215lb,6'5
Michael Frazier,https://www.basketball-reference.com/req/202106291/images/players/frazimi01.jpg,200lb,6'3
Tim Frazier,https://www.basketball-reference.com/req/202106291/images/players/fraziti01.jpg,170lb,6'0
Jimmer Fredette,https://www.basketball-reference.com/req/202106291/images/players/fredeji01.jpg,195lb,6'2
Enes Freedom,https://www.basketball-reference.com/req/202106291/images/players/kanteen01.jpg,250lb,6'10
Markelle Fultz,https://www.basketball-reference.com/req/202106291/images/players/fultzma01.jpg,209lb,6'3
Wenyen Gabriel,https://www.basketball-reference.com/req/202106291/images/players/gabriwe01.jpg,205lb,6'9
Daniel Gafford,https://www.basketball-reference.com/req/202106291/images/players/gaffoda01.jpg,234lb,6'10
Danilo Gallinari,https://www.basketball-reference.com/req/202106291/images/players/gallida01.jpg,233lb,6'10
Langston Galloway,https://www.basketball-reference.com/req/202106291/images/players/gallola01.jpg,200lb,6'1
Darius Garland,https://www.basketball-reference.com/req/202106291/images/players/garlada01.jpg,192lb,6'1
Billy Garrett,https://www.basketball-reference.com/req/202106291/images/players/garrebi01.jpg,213lb,6'6
Marcus Garrett,https://www.basketball-reference.com/req/202106291/images/players/garrema01.jpg,205lb,6'5
Usman Garuba,https://www.basketball-reference.com/req/202106291/images/players/garubus01.jpg,220lb,6'8
Luka Garza,https://www.basketball-reference.com/req/202106291/images/players/garzalu01.jpg,235lb,6'11
Marc Gasol,https://www.basketball-reference.com/req/202106291/images/players/gasolma01.jpg,255lb,6'11
Rudy Gay,https://www.basketball-reference.com/req/202106291/images/players/gayru01.jpg,250lb,6'8
Paul George,https://www.basketball-reference.com/req/202106291/images/players/georgpa01.jpg,220lb,6'8
Taj Gibson,https://www.basketball-reference.com/req/202106291/images/players/gibsota01.jpg,232lb,6'9
Josh Giddey,https://www.basketball-reference.com/req/202106291/images/players/giddejo01.jpg,210lb,6'8
Harry Giles,https://www.basketball-reference.com/req/202106291/images/players/gilesha01.jpg,240lb,6'11
Shai Gilgeous-Alexander,https://www.basketball-reference.com/req/202106291/images/players/gilgesh01.jpg,180lb,6'6
Anthony Gill,https://www.basketball-reference.com/req/202106291/images/players/gillan01.jpg,230lb,6'7
Freddie Gillespie,https://www.basketball-reference.com/req/202106291/images/players/gillefr01.jpg,245lb,6'9
Rudy Gobert,https://www.basketball-reference.com/req/202106291/images/players/goberru01.jpg,258lb,7'1
Brandon Goodwin,https://www.basketball-reference.com/req/202106291/images/players/goodwbr01.jpg,180lb,6'0
Jordan Goodwin,https://www.basketball-reference.com/req/202106291/images/players/goodwjo01.jpg,200lb,6'3
Aaron Gordon,https://www.basketball-reference.com/req/202106291/images/players/gordoaa01.jpg,235lb,6'8
Eric Gordon,https://www.basketball-reference.com/req/202106291/images/players/gordoer01.jpg,215lb,6'3
Devonte' Graham,https://www.basketball-reference.com/req/202106291/images/players/grahade01.jpg,195lb,6'1
Treveon Graham,https://www.basketball-reference.com/req/202106291/images/players/grahatr01.jpg,219lb,6'5
Jerami Grant,https://www.basketball-reference.com/req/202106291/images/players/grantje01.jpg,210lb,6'8
Jerian Grant,https://www.basketball-reference.com/req/202106291/images/players/grantje02.jpg,205lb,6'4
Donte Grantham,https://www.basketball-reference.com/req/202106291/images/players/grantdo01.jpg,215lb,6'8
Hassani Gravett,https://www.basketball-reference.com/req/202106291/images/players/graveha01.jpg,188lb,6'2
Josh Gray,https://www.basketball-reference.com/req/202106291/images/players/grayjo01.jpg,180lb,6'0
Danny Green,https://www.basketball-reference.com/req/202106291/images/players/greenda02.jpg,215lb,6'6
Draymond Green,https://www.basketball-reference.com/req/202106291/images/players/greendr01.jpg,230lb,6'6
Jalen Green,https://www.basketball-reference.com/req/202106291/images/players/greenja05.jpg,178lb,6'4
JaMychal Green,https://www.basketball-reference.com/req/202106291/images/players/greenja01.jpg,227lb,6'8
Javonte Green,https://www.basketball-reference.com/req/202106291/images/players/greenja02.jpg,205lb,6'4
Jeff Green,https://www.basketball-reference.com/req/202106291/images/players/greenje02.jpg,235lb,6'8
Josh Green,https://www.basketball-reference.com/req/202106291/images/players/greenjo02.jpg,200lb,6'5
Blake Griffin,https://www.basketball-reference.com/req/202106291/images/players/griffbl01.jpg,250lb,6'9
Quentin Grimes,https://www.basketball-reference.com/req/202106291/images/players/grimequ01.jpg,205lb,6'5
Marko Guduric,https://www.basketball-reference.com/req/202106291/images/players/gudurma01.jpg,201lb,6'6
Kyle Guy,https://www.basketball-reference.com/req/202106291/images/players/guyky01.jpg,167lb,6'1
Rui Hachimura,https://www.basketball-reference.com/req/202106291/images/players/hachiru01.jpg,230lb,6'8
Ashton Hagans,https://www.basketball-reference.com/req/202106291/images/players/haganas01.jpg,190lb,6'3
Tyrese Haliburton,https://www.basketball-reference.com/req/202106291/images/players/halibty01.jpg,185lb,6'5
Devon Hall,https://www.basketball-reference.com/req/202106291/images/players/hallde01.jpg,215lb,6'2
Donta Hall,https://www.basketball-reference.com/req/202106291/images/players/halldo01.jpg,232lb,6'9
Josh Hall,https://www.basketball-reference.com/req/202106291/images/players/halljo01.jpg,190lb,6'9
Tyler Hall,NULL,200lb,6'6
Daniel Hamilton,https://www.basketball-reference.com/req/202106291/images/players/hamilda02.jpg,195lb,6'7
R.J. Hampton,https://www.basketball-reference.com/req/202106291/images/players/hamptrj01.jpg,175lb,6'4
Dusty Hannahs,https://www.basketball-reference.com/req/202106291/images/players/hannadu01.jpg,210lb,6'3
Tim Hardaway Jr.,https://www.basketball-reference.com/req/202106291/images/players/hardati02.jpg,205lb,6'5
James Harden,https://www.basketball-reference.com/req/202106291/images/players/hardeja01.jpg,220lb,6'5
Maurice Harkless,https://www.basketball-reference.com/req/202106291/images/players/harklma01.jpg,220lb,6'7
Jared Harper,https://www.basketball-reference.com/req/202106291/images/players/harpeja01.jpg,175lb,5'10
Montrezl Harrell,https://www.basketball-reference.com/req/202106291/images/players/harremo01.jpg,240lb,6'7
Gary Harris,https://www.basketball-reference.com/req/202106291/images/players/harriga01.jpg,210lb,6'4
Jalen Harris,https://www.basketball-reference.com/req/202106291/images/players/harrija01.jpg,195lb,6'5
Joe Harris,https://www.basketball-reference.com/req/202106291/images/players/harrijo01.jpg,220lb,6'6
Tobias Harris,https://www.basketball-reference.com/req/202106291/images/players/harrito02.jpg,226lb,6'8
Andrew Harrison,https://www.basketball-reference.com/req/202106291/images/players/harrian01.jpg,213lb,6'6
Shaquille Harrison,https://www.basketball-reference.com/req/202106291/images/players/harrish01.jpg,190lb,6'7
Josh Hart,https://www.basketball-reference.com/req/202106291/images/players/hartjo01.jpg,215lb,6'5
Isaiah Hartenstein,https://www.basketball-reference.com/req/202106291/images/players/harteis01.jpg,250lb,7'0
Udonis Haslem,https://www.basketball-reference.com/req/202106291/images/players/hasleud01.jpg,235lb,6'8
Sam Hauser,https://www.basketball-reference.com/req/202106291/images/players/hausesa01.jpg,215lb,6'8
Jaxson Hayes,https://www.basketball-reference.com/req/202106291/images/players/hayesja02.jpg,220lb,6'11
Killian Hayes,https://www.basketball-reference.com/req/202106291/images/players/hayeski01.jpg,195lb,6'5
Gordon Hayward,https://www.basketball-reference.com/req/202106291/images/players/haywago01.jpg,225lb,6'7
Aaron Henry,https://www.basketball-reference.com/req/202106291/images/players/henryaa01.jpg,210lb,6'6
John Henson,https://www.basketball-reference.com/req/202106291/images/players/hensojo01.jpg,219lb,6'9
Dewan Hernandez,https://www.basketball-reference.com/req/202106291/images/players/hernade01.jpg,235lb,6'10
Juancho Hernangómez,https://www.basketball-reference.com/req/202106291/images/players/hernaju01.jpg,214lb,6'9
Willy Hernangómez,https://www.basketball-reference.com/req/202106291/images/players/hernawi01.jpg,250lb,6'11
Tyler Herro,https://www.basketball-reference.com/req/202106291/images/players/herroty01.jpg,195lb,6'5
Kevin Hervey,https://www.basketball-reference.com/req/202106291/images/players/herveke01.jpg,230lb,6'9
Mario Hezonja,https://www.basketball-reference.com/req/202106291/images/players/hezonma01.jpg,220lb,6'8
Isaiah Hicks,https://www.basketball-reference.com/req/202106291/images/players/hicksis01.jpg,230lb,6'9
Buddy Hield,https://www.basketball-reference.com/req/202106291/images/players/hieldbu01.jpg,220lb,6'4
Haywood Highsmith,https://www.basketball-reference.com/req/202106291/images/players/highsha01.jpg,220lb,6'7
George Hill,https://www.basketball-reference.com/req/202106291/images/players/hillge01.jpg,188lb,6'4
Malcolm Hill,NULL,200lb,6'6
Solomon Hill,https://www.basketball-reference.com/req/202106291/images/players/hillso01.jpg,226lb,6'6
Nate Hinton,https://www.basketball-reference.com/req/202106291/images/players/hintona01.jpg,210lb,6'5
Jaylen Hoard,https://www.basketball-reference.com/req/202106291/images/players/hoardja01.jpg,216lb,6'8
Aaron Holiday,https://www.basketball-reference.com/req/202106291/images/players/holidaa01.jpg,185lb,6'0
Jrue Holiday,https://www.basketball-reference.com/req/202106291/images/players/holidjr01.jpg,205lb,6'3
Justin Holiday,https://www.basketball-reference.com/req/202106291/images/players/holidju01.jpg,180lb,6'6
John Holland,https://www.basketball-reference.com/req/202106291/images/players/hollajo02.jpg,205lb,6'5
Rondae Hollis-Jefferson,https://www.basketball-reference.com/req/202106291/images/players/holliro01.jpg,217lb,6'6
Richaun Holmes,https://www.basketball-reference.com/req/202106291/images/players/holmeri01.jpg,235lb,6'10
Rodney Hood,https://www.basketball-reference.com/req/202106291/images/players/hoodro01.jpg,208lb,6'8
Scotty Hopson,https://www.basketball-reference.com/req/202106291/images/players/hopsosc01.jpg,204lb,6'7
Al Horford,https://www.basketball-reference.com/req/202106291/images/players/horfoal01.jpg,240lb,6'9
Talen Horton-Tucker,https://www.basketball-reference.com/req/202106291/images/players/hortota01.jpg,234lb,6'4
Danuel House Jr.,https://www.basketball-reference.com/req/202106291/images/players/houseda01.jpg,220lb,6'6
Dwight Howard,https://www.basketball-reference.com/req/202106291/images/players/howardw01.jpg,265lb,6'10
Markus Howard,https://www.basketball-reference.com/req/202106291/images/players/howarma02.jpg,175lb,5'10
William Howard,https://www.basketball-reference.com/req/202106291/images/players/howarwi01.jpg,207lb,6'8
Kevin Huerter,https://www.basketball-reference.com/req/202106291/images/players/huertke01.jpg,190lb,6'7
Jay Huff,https://www.basketball-reference.com/req/202106291/images/players/huffja01.jpg,240lb,7'1
Elijah Hughes,https://www.basketball-reference.com/req/202106291/images/players/hugheel01.jpg,215lb,6'5
Isaac Humphries,https://www.basketball-reference.com/req/202106291/images/players/humphis01.jpg,255lb,7'0
Feron Hunt,NULL,200lb,6'6
De'Andre Hunter,https://www.basketball-reference.com/req/202106291/images/players/huntede01.jpg,225lb,6'8
R.J. Hunter,https://www.basketball-reference.com/req/202106291/images/players/hunterj01.jpg,185lb,6'5
Chandler Hutchison,https://www.basketball-reference.com/req/202106291/images/players/hutchch01.jpg,210lb,6'6
Bones Hyland,https://www.basketball-reference.com/req/202106291/images/players/hylanbo01.jpg,173lb,6'3
Serge Ibaka,https://www.basketball-reference.com/req/202106291/images/players/ibakase01.jpg,235lb,6'10
Andre Iguodala,https://www.basketball-reference.com/req/202106291/images/players/iguodan01.jpg,215lb,6'6
Ersan Ilyasova,https://www.basketball-reference.com/req/202106291/images/players/ilyaser01.jpg,235lb,6'9
Joe Ingles,https://www.basketball-reference.com/req/202106291/images/players/inglejo01.jpg,220lb,6'8
Andre Ingram,https://www.basketball-reference.com/req/202106291/images/players/ingraan01.jpg,190lb,6'3
Brandon Ingram,https://www.basketball-reference.com/req/202106291/images/players/ingrabr01.jpg,190lb,6'8
Kyrie Irving,https://www.basketball-reference.com/req/202106291/images/players/irvinky01.jpg,195lb,6'2
Jonathan Isaac,https://www.basketball-reference.com/req/202106291/images/players/isaacjo01.jpg,230lb,6'11
Wes Iwundu,https://www.basketball-reference.com/req/202106291/images/players/iwundwe01.jpg,195lb,6'6
Demetrius Jackson,https://www.basketball-reference.com/req/202106291/images/players/jacksde01.jpg,201lb,6'1
Frank Jackson,https://www.basketball-reference.com/req/202106291/images/players/jacksfr01.jpg,205lb,6'3
Isaiah Jackson,https://www.basketball-reference.com/req/202106291/images/players/jacksis01.jpg,206lb,6'10
Jaren Jackson Jr.,https://www.basketball-reference.com/req/202106291/images/players/jacksja02.jpg,242lb,6'11
Josh Jackson,https://www.basketball-reference.com/req/202106291/images/players/jacksjo02.jpg,207lb,6'8
Justin Jackson,https://www.basketball-reference.com/req/202106291/images/players/jacksju01.jpg,220lb,6'8
Reggie Jackson,https://www.basketball-reference.com/req/202106291/images/players/jacksre01.jpg,208lb,6'2
Justin James,https://www.basketball-reference.com/req/202106291/images/players/jamesju01.jpg,190lb,6'7
LeBron James,https://www.basketball-reference.com/req/202106291/images/players/jamesle01.jpg,250lb,6'9
Mike James,https://www.basketball-reference.com/req/202106291/images/players/jamesmi02.jpg,189lb,6'1
DeJon Jarreau,https://www.basketball-reference.com/req/202106291/images/players/jarrede01.jpg,185lb,6'5
DaQuan Jeffries,https://www.basketball-reference.com/req/202106291/images/players/jeffrda01.jpg,230lb,6'5
John Jenkins,https://www.basketball-reference.com/req/202106291/images/players/jenkijo01.jpg,215lb,6'4
Jonas Jerebko,https://www.basketball-reference.com/req/202106291/images/players/jerebjo01.jpg,231lb,6'10
Ty Jerome,https://www.basketball-reference.com/req/202106291/images/players/jeromty01.jpg,195lb,6'5
Isaiah Joe,https://www.basketball-reference.com/req/202106291/images/players/joeis01.jpg,165lb,6'4
Alize Johnson,https://www.basketball-reference.com/req/202106291/images/players/johnsal02.jpg,212lb,6'7
Amir Johnson,https://www.basketball-reference.com/req/202106291/images/players/johnsam01.jpg,240lb,6'9
B.J. Johnson,https://www.basketball-reference.com/req/202106291/images/players/johnsbj01.jpg,200lb,6'7
Cameron Johnson,https://www.basketball-reference.com/req/202106291/images/players/johnsca02.jpg,210lb,6'8
David Johnson,https://www.basketball-reference.com/req/202106291/images/players/johnsda08.jpg,210lb,6'5
Jalen Johnson,https://www.basketball-reference.com/req/202106291/images/players/johnsja05.jpg,220lb,6'9
James Johnson,https://www.basketball-reference.com/req/202106291/images/players/johnsja01.jpg,240lb,6'7
Joe Johnson,https://www.basketball-reference.com/req/202106291/images/players/johnsjo02.jpg,240lb,6'7
Keldon Johnson,https://www.basketball-reference.com/req/202106291/images/players/johnske04.jpg,220lb,6'5
Keon Johnson,https://www.basketball-reference.com/req/202106291/images/players/johnske07.jpg,186lb,6'5
Stanley Johnson,https://www.basketball-reference.com/req/202106291/images/players/johnsst04.jpg,242lb,6'6
Tyler Johnson,https://www.basketball-reference.com/req/202106291/images/players/johnsty01.jpg,186lb,6'3
Wesley Johnson,https://www.basketball-reference.com/req/202106291/images/players/johnswe01.jpg,215lb,6'7
Nikola Jokic,https://www.basketball-reference.com/req/202106291/images/players/jokicni01.jpg,284lb,6'11
Carlik Jones,https://www.basketball-reference.com/req/202106291/images/players/jonesca03.jpg,185lb,6'1
Damian Jones,https://www.basketball-reference.com/req/202106291/images/players/jonesda03.jpg,245lb,6'11
Derrick Jones Jr.,https://www.basketball-reference.com/req/202106291/images/players/jonesde02.jpg,210lb,6'5
Herbert Jones,https://www.basketball-reference.com/req/202106291/images/players/joneshe01.jpg,210lb,6'8
Jalen Jones,https://www.basketball-reference.com/req/202106291/images/players/jonesja04.jpg,220lb,6'7
Jemerrio Jones,https://www.basketball-reference.com/req/202106291/images/players/jonesje01.jpg,174lb,6'5
Kai Jones,https://www.basketball-reference.com/req/202106291/images/players/joneska01.jpg,218lb,6'11
Mason Jones,https://www.basketball-reference.com/req/202106291/images/players/jonesma05.jpg,200lb,6'4
Terrence Jones,https://www.basketball-reference.com/req/202106291/images/players/joneste01.jpg,252lb,6'9
Tre Jones,https://www.basketball-reference.com/req/202106291/images/players/jonestr01.jpg,185lb,6'1
Tyus Jones,https://www.basketball-reference.com/req/202106291/images/players/jonesty01.jpg,196lb,6'0
DeAndre Jordan,https://www.basketball-reference.com/req/202106291/images/players/jordade01.jpg,265lb,6'11
Cory Joseph,https://www.basketball-reference.com/req/202106291/images/players/josepco01.jpg,200lb,6'3
Mfiondu Kabengele,https://www.basketball-reference.com/req/202106291/images/players/kabenmf01.jpg,250lb,6'9
Georgios Kalaitzakis,https://www.basketball-reference.com/req/202106291/images/players/kalaige01.jpg,192lb,6'8
Frank Kaminsky,https://www.basketball-reference.com/req/202106291/images/players/kaminfr01.jpg,240lb,7'0
Luke Kennard,https://www.basketball-reference.com/req/202106291/images/players/kennalu01.jpg,206lb,6'5
Braxton Key,NULL,200lb,6'6
Stanton Kidd,https://www.basketball-reference.com/req/202106291/images/players/kiddst01.jpg,215lb,6'6
Michael Kidd-Gilchrist,https://www.basketball-reference.com/req/202106291/images/players/kiddgmi01.jpg,232lb,6'6
George King,https://www.basketball-reference.com/req/202106291/images/players/kingge03.jpg,225lb,6'6
Louis King,https://www.basketball-reference.com/req/202106291/images/players/kinglo02.jpg,205lb,6'7
Corey Kispert,https://www.basketball-reference.com/req/202106291/images/players/kispeco01.jpg,220lb,6'7
Maxi Kleber,https://www.basketball-reference.com/req/202106291/images/players/klebima01.jpg,240lb,6'10
Brandon Knight,https://www.basketball-reference.com/req/202106291/images/players/knighbr03.jpg,182lb,6'2
Nathan Knight,https://www.basketball-reference.com/req/202106291/images/players/knighna01.jpg,253lb,6'10
Kevin Knox,https://www.basketball-reference.com/req/202106291/images/players/knoxke01.jpg,215lb,6'7
John Konchar,https://www.basketball-reference.com/req/202106291/images/players/konchjo01.jpg,210lb,6'5
Furkan Korkmaz,https://www.basketball-reference.com/req/202106291/images/players/korkmfu01.jpg,202lb,6'7
Luke Kornet,https://www.basketball-reference.com/req/202106291/images/players/kornelu01.jpg,250lb,7'2
Kosta Koufos,https://www.basketball-reference.com/req/202106291/images/players/koufoko01.jpg,245lb,7'0
Vit Krejci,https://www.basketball-reference.com/req/202106291/images/players/krejcvi01.jpg,195lb,6'8
Arnoldas Kulboka,https://www.basketball-reference.com/req/202106291/images/players/kulboar01.jpg,198lb,6'9
Jonathan Kuminga,https://www.basketball-reference.com/req/202106291/images/players/kuminjo01.jpg,210lb,6'8
Rodions Kurucs,https://www.basketball-reference.com/req/202106291/images/players/kurucro01.jpg,228lb,6'9
Kyle Kuzma,https://www.basketball-reference.com/req/202106291/images/players/kuzmaky01.jpg,221lb,6'9
Zach LaVine,https://www.basketball-reference.com/req/202106291/images/players/lavinza01.jpg,200lb,6'5
Skal Labissière,https://www.basketball-reference.com/req/202106291/images/players/labissk01.jpg,235lb,6'10
Anthony Lamb,https://www.basketball-reference.com/req/202106291/images/players/lamban01.jpg,227lb,6'6
Jeremy Lamb,https://www.basketball-reference.com/req/202106291/images/players/lambje01.jpg,180lb,6'5
Jock Landale,https://www.basketball-reference.com/req/202106291/images/players/landajo01.jpg,256lb,6'11
Romeo Langford,https://www.basketball-reference.com/req/202106291/images/players/langfro01.jpg,216lb,6'4
Vic Law,https://www.basketball-reference.com/req/202106291/images/players/lawvi01.jpg,200lb,6'7
Jake Layman,https://www.basketball-reference.com/req/202106291/images/players/laymaja01.jpg,209lb,6'8
Caris LeVert,https://www.basketball-reference.com/req/202106291/images/players/leverca01.jpg,205lb,6'6
T.J. Leaf,https://www.basketball-reference.com/req/202106291/images/players/leaftj01.jpg,222lb,6'10
Jalen Lecque,https://www.basketball-reference.com/req/202106291/images/players/lecquja01.jpg,185lb,6'4
Courtney Lee,https://www.basketball-reference.com/req/202106291/images/players/leeco01.jpg,215lb,6'5
Damion Lee,https://www.basketball-reference.com/req/202106291/images/players/leeda03.jpg,210lb,6'5
Saben Lee,https://www.basketball-reference.com/req/202106291/images/players/leesa01.jpg,183lb,6'2
Walt Lemon Jr.,https://www.basketball-reference.com/req/202106291/images/players/lemonwa01.jpg,180lb,6'3
Alex Len,https://www.basketball-reference.com/req/202106291/images/players/lenal01.jpg,250lb,7'0
Kawhi Leonard,https://www.basketball-reference.com/req/202106291/images/players/leonaka01.jpg,225lb,6'7
Meyers Leonard,https://www.basketball-reference.com/req/202106291/images/players/leoname01.jpg,260lb,7'0
Kira Lewis Jr.,https://www.basketball-reference.com/req/202106291/images/players/lewiski01.jpg,170lb,6'1
Scottie Lewis,https://www.basketball-reference.com/req/202106291/images/players/lewissc01.jpg,189lb,6'5
Damian Lillard,https://www.basketball-reference.com/req/202106291/images/players/lillada01.jpg,195lb,6'2
Jeremy Lin,https://www.basketball-reference.com/req/202106291/images/players/linje01.jpg,200lb,6'3
Nassir Little,https://www.basketball-reference.com/req/202106291/images/players/littlna01.jpg,220lb,6'5
Isaiah Livers,https://www.basketball-reference.com/req/202106291/images/players/liveris01.jpg,230lb,6'7
Zach Lofton,https://www.basketball-reference.com/req/202106291/images/players/loftoza01.jpg,180lb,6'4
Kevon Looney,https://www.basketball-reference.com/req/202106291/images/players/looneke01.jpg,222lb,6'9
Brook Lopez,https://www.basketball-reference.com/req/202106291/images/players/lopezbr01.jpg,282lb,7'0
Robin Lopez,https://www.basketball-reference.com/req/202106291/images/players/lopezro01.jpg,281lb,7'0
Didi Louzada,https://www.basketball-reference.com/req/202106291/images/players/louzama01.jpg,188lb,6'5
Kevin Love,https://www.basketball-reference.com/req/202106291/images/players/loveke01.jpg,251lb,6'8
Kyle Lowry,https://www.basketball-reference.com/req/202106291/images/players/lowryky01.jpg,196lb,6'0
Jordan Loyd,https://www.basketball-reference.com/req/202106291/images/players/loydjo01.jpg,210lb,6'4
Kalin Lucas,https://www.basketball-reference.com/req/202106291/images/players/lucaska01.jpg,195lb,6'1
Gabriel Lundberg,NULL,200lb,6'6
Timothé Luwawu-Cabarrot,https://www.basketball-reference.com/req/202106291/images/players/luwawti01.jpg,220lb,6'7
Tyler Lydon,https://www.basketball-reference.com/req/202106291/images/players/lydonty01.jpg,225lb,6'10
Trey Lyles,https://www.basketball-reference.com/req/202106291/images/players/lylestr01.jpg,234lb,6'9
Scott Machado,https://www.basketball-reference.com/req/202106291/images/players/machasc01.jpg,205lb,6'1
Shelvin Mack,https://www.basketball-reference.com/req/202106291/images/players/macksh01.jpg,203lb,6'3
Daryl Macon,https://www.basketball-reference.com/req/202106291/images/players/maconda01.jpg,185lb,6'2
J.P. Macura,https://www.basketball-reference.com/req/202106291/images/players/macurjp01.jpg,203lb,6'5
Josh Magette,https://www.basketball-reference.com/req/202106291/images/players/magetjo01.jpg,160lb,6'1
Will Magnay,https://www.basketball-reference.com/req/202106291/images/players/magnawi01.jpg,234lb,6'10
Thon Maker,https://www.basketball-reference.com/req/202106291/images/players/makerth01.jpg,221lb,7'0
Théo Maledon,https://www.basketball-reference.com/req/202106291/images/players/maledth01.jpg,175lb,6'4
Sandro Mamukelashvili,https://www.basketball-reference.com/req/202106291/images/players/mamuksa01.jpg,240lb,6'11
Karim Mané,https://www.basketball-reference.com/req/202106291/images/players/maneka01.jpg,190lb,6'3
Terance Mann,https://www.basketball-reference.com/req/202106291/images/players/mannte01.jpg,215lb,6'5
Tre Mann,https://www.basketball-reference.com/req/202106291/images/players/manntr01.jpg,178lb,6'3
Nico Mannion,https://www.basketball-reference.com/req/202106291/images/players/mannini01.jpg,190lb,6'2
Boban Marjanovic,https://www.basketball-reference.com/req/202106291/images/players/marjabo01.jpg,290lb,7'3
Lauri Markkanen,https://www.basketball-reference.com/req/202106291/images/players/markkla01.jpg,240lb,7'0
Naji Marshall,https://www.basketball-reference.com/req/202106291/images/players/marshna01.jpg,220lb,6'7
Caleb Martin,https://www.basketball-reference.com/req/202106291/images/players/martica02.jpg,205lb,6'5
Cody Martin,https://www.basketball-reference.com/req/202106291/images/players/martico01.jpg,205lb,6'5
Jarell Martin,https://www.basketball-reference.com/req/202106291/images/players/martija01.jpg,239lb,6'10
Jeremiah Martin,https://www.basketball-reference.com/req/202106291/images/players/martije02.jpg,185lb,6'3
Kelan Martin,https://www.basketball-reference.com/req/202106291/images/players/martike03.jpg,230lb,6'5
Kenyon Martin Jr.,https://www.basketball-reference.com/req/202106291/images/players/martike04.jpg,215lb,6'6
Frank Mason III,https://www.basketball-reference.com/req/202106291/images/players/masonfr01.jpg,190lb,5'11
Yante Maten,https://www.basketball-reference.com/req/202106291/images/players/matenya01.jpg,240lb,6'8
Garrison Mathews,https://www.basketball-reference.com/req/202106291/images/players/mathega01.jpg,215lb,6'5
Dakota Mathias,https://www.basketball-reference.com/req/202106291/images/players/mathida01.jpg,200lb,6'4
Wesley Matthews,https://www.basketball-reference.com/req/202106291/images/players/matthwe02.jpg,220lb,6'4
Tyrese Maxey,https://www.basketball-reference.com/req/202106291/images/players/maxeyty01.jpg,200lb,6'2
Skylar Mays,https://www.basketball-reference.com/req/202106291/images/players/mayssk01.jpg,205lb,6'4
Luc Mbah a Moute,https://www.basketball-reference.com/req/202106291/images/players/mbahalu01.jpg,230lb,6'8
Miles McBride,https://www.basketball-reference.com/req/202106291/images/players/mcbrimi01.jpg,200lb,6'2
Tahjere McCall,https://www.basketball-reference.com/req/202106291/images/players/mccalta01.jpg,195lb,6'5
Patrick McCaw,https://www.basketball-reference.com/req/202106291/images/players/mccawpa01.jpg,181lb,6'7
Mac McClung,https://www.basketball-reference.com/req/202106291/images/players/mccluma01.jpg,185lb,6'2
CJ McCollum,https://www.basketball-reference.com/req/202106291/images/players/mccolcj01.jpg,190lb,6'3
T.J. McConnell,https://www.basketball-reference.com/req/202106291/images/players/mccontj01.jpg,190lb,6'1
Jaden McDaniels,https://www.basketball-reference.com/req/202106291/images/players/mcdanja02.jpg,185lb,6'9
Jalen McDaniels,https://www.basketball-reference.com/req/202106291/images/players/mcdanja01.jpg,205lb,6'9
Doug McDermott,https://www.basketball-reference.com/req/202106291/images/players/mcderdo01.jpg,225lb,6'7
Sean McDermott,https://www.basketball-reference.com/req/202106291/images/players/mcderse01.jpg,195lb,6'6
JaVale McGee,https://www.basketball-reference.com/req/202106291/images/players/mcgeeja01.jpg,270lb,7'0
Cameron McGriff,NULL,200lb,6'6
Rodney McGruder,https://www.basketball-reference.com/req/202106291/images/players/mcgruro01.jpg,205lb,6'4
Alfonzo McKinnie,https://www.basketball-reference.com/req/202106291/images/players/mckinal01.jpg,215lb,6'7
JaQuori McLaughlin,https://www.basketball-reference.com/req/202106291/images/players/mclauja01.jpg,190lb,6'4
Jordan McLaughlin,https://www.basketball-reference.com/req/202106291/images/players/mclaujo01.jpg,185lb,5'11
Ben McLemore,https://www.basketball-reference.com/req/202106291/images/players/mclembe01.jpg,195lb,6'3
Jordan McRae,https://www.basketball-reference.com/req/202106291/images/players/mcraejo01.jpg,179lb,6'5
Jodie Meeks,https://www.basketball-reference.com/req/202106291/images/players/meeksjo01.jpg,210lb,6'4
Salah Mejri,https://www.basketball-reference.com/req/202106291/images/players/mejrisa01.jpg,235lb,7'2
Nicolò Melli,https://www.basketball-reference.com/req/202106291/images/players/mellini01.jpg,236lb,6'9
De'Anthony Melton,https://www.basketball-reference.com/req/202106291/images/players/meltode01.jpg,200lb,6'2
Sam Merrill,https://www.basketball-reference.com/req/202106291/images/players/merrisa01.jpg,205lb,6'4
Chimezie Metu,https://www.basketball-reference.com/req/202106291/images/players/metuch01.jpg,225lb,6'9
Khris Middleton,https://www.basketball-reference.com/req/202106291/images/players/middlkh01.jpg,222lb,6'7
Eric Mika,https://www.basketball-reference.com/req/202106291/images/players/mikaer01.jpg,230lb,6'10
C.J. Miles,https://www.basketball-reference.com/req/202106291/images/players/milescj01.jpg,220lb,6'6
Darius Miller,https://www.basketball-reference.com/req/202106291/images/players/milleda01.jpg,225lb,6'6
Malcolm Miller,https://www.basketball-reference.com/req/202106291/images/players/millema01.jpg,210lb,6'7
Patty Mills,https://www.basketball-reference.com/req/202106291/images/players/millspa02.jpg,180lb,6'1
Paul Millsap,https://www.basketball-reference.com/req/202106291/images/players/millspa01.jpg,257lb,6'7
Shake Milton,https://www.basketball-reference.com/req/202106291/images/players/miltosh01.jpg,205lb,6'5
Nikola Mirotic,https://www.basketball-reference.com/req/202106291/images/players/mirotni01.jpg,250lb,6'10
Davion Mitchell,https://www.basketball-reference.com/req/202106291/images/players/mitchda01.jpg,205lb,6'2
Donovan Mitchell,https://www.basketball-reference.com/req/202106291/images/players/mitchdo01.jpg,215lb,6'1
Naz Mitrou-Long,https://www.basketball-reference.com/req/202106291/images/players/mitrona01.jpg,218lb,6'3
Evan Mobley,https://www.basketball-reference.com/req/202106291/images/players/mobleev01.jpg,215lb,7'0
Adam Mokoka,https://www.basketball-reference.com/req/202106291/images/players/mokokad01.jpg,190lb,6'4
Malik Monk,https://www.basketball-reference.com/req/202106291/images/players/monkma01.jpg,200lb,6'3
Greg Monroe,https://www.basketball-reference.com/req/202106291/images/players/monrogr01.jpg,265lb,6'11
Moses Moody,https://www.basketball-reference.com/req/202106291/images/players/moodymo01.jpg,205lb,6'6
Xavier Moon,NULL,200lb,6'6
Matt Mooney,https://www.basketball-reference.com/req/202106291/images/players/moonema01.jpg,199lb,6'3
E'Twaun Moore,https://www.basketball-reference.com/req/202106291/images/players/mooreet01.jpg,191lb,6'3
Ja Morant,https://www.basketball-reference.com/req/202106291/images/players/moranja01.jpg,174lb,6'3
Eric Moreland,https://www.basketball-reference.com/req/202106291/images/players/moreler01.jpg,238lb,6'10
Juwan Morgan,https://www.basketball-reference.com/req/202106291/images/players/morgaju01.jpg,232lb,6'7
Jaylen Morris,https://www.basketball-reference.com/req/202106291/images/players/morrija01.jpg,185lb,6'5
Marcus Morris,https://www.basketball-reference.com/req/202106291/images/players/morrima03.jpg,218lb,6'8
Markieff Morris,https://www.basketball-reference.com/req/202106291/images/players/morrima02.jpg,245lb,6'9
Monte Morris,https://www.basketball-reference.com/req/202106291/images/players/morrimo01.jpg,183lb,6'2
Donatas Motiejunas,https://www.basketball-reference.com/req/202106291/images/players/motiedo01.jpg,222lb,7'0
Johnathan Motley,https://www.basketball-reference.com/req/202106291/images/players/motlejo01.jpg,230lb,6'8
Emmanuel Mudiay,https://www.basketball-reference.com/req/202106291/images/players/mudiaem01.jpg,200lb,6'3
Mychal Mulder,https://www.basketball-reference.com/req/202106291/images/players/muldemy01.jpg,184lb,6'3
Ade Murkey,https://www.basketball-reference.com/req/202106291/images/players/murkead01.jpg,200lb,6'5
Trey Murphy III,https://www.basketball-reference.com/req/202106291/images/players/murphtr02.jpg,206lb,6'9
Dejounte Murray,https://www.basketball-reference.com/req/202106291/images/players/murrade01.jpg,180lb,6'4
Jamal Murray,https://www.basketball-reference.com/req/202106291/images/players/murraja01.jpg,215lb,6'3
Danan Musa,https://www.basketball-reference.com/req/202106291/images/players/musadz01.jpg,217lb,6'9
Mike Muscala,https://www.basketball-reference.com/req/202106291/images/players/muscami01.jpg,240lb,6'10
Svi Mykhailiuk,https://www.basketball-reference.com/req/202106291/images/players/mykhasv01.jpg,205lb,6'7
Abdel Nader,https://www.basketball-reference.com/req/202106291/images/players/naderab01.jpg,225lb,6'5
Larry Nance Jr.,https://www.basketball-reference.com/req/202106291/images/players/nancela02.jpg,245lb,6'7
Shabazz Napier,https://www.basketball-reference.com/req/202106291/images/players/napiesh01.jpg,175lb,6'0
RJ Nembhard Jr.,https://www.basketball-reference.com/req/202106291/images/players/nembhrj01.jpg,200lb,6'5
Aaron Nesmith,https://www.basketball-reference.com/req/202106291/images/players/nesmiaa01.jpg,215lb,6'5
Raul Neto,https://www.basketball-reference.com/req/202106291/images/players/netora01.jpg,180lb,6'1
Malik Newman,https://www.basketball-reference.com/req/202106291/images/players/newmama01.jpg,190lb,6'3
Georges Niang,https://www.basketball-reference.com/req/202106291/images/players/niangge01.jpg,230lb,6'7
Daishen Nix,https://www.basketball-reference.com/req/202106291/images/players/nixda01.jpg,224lb,6'5
Zeke Nnaji,https://www.basketball-reference.com/req/202106291/images/players/nnajize01.jpg,240lb,6'9
Joakim Noah,https://www.basketball-reference.com/req/202106291/images/players/noahjo01.jpg,230lb,6'11
Nerlens Noel,https://www.basketball-reference.com/req/202106291/images/players/noelne01.jpg,220lb,6'11
Zach Norvell,https://www.basketball-reference.com/req/202106291/images/players/norveza01.jpg,206lb,6'5
Jaylen Nowell,https://www.basketball-reference.com/req/202106291/images/players/nowelja01.jpg,201lb,6'4
Frank Ntilikina,https://www.basketball-reference.com/req/202106291/images/players/ntilila01.jpg,200lb,6'4
Kendrick Nunn,https://www.basketball-reference.com/req/202106291/images/players/nunnke01.jpg,190lb,6'2
James Nunnally,https://www.basketball-reference.com/req/202106291/images/players/nunnaja01.jpg,208lb,6'7
Jusuf Nurkic,https://www.basketball-reference.com/req/202106291/images/players/nurkiju01.jpg,290lb,6'11
David Nwaba,https://www.basketball-reference.com/req/202106291/images/players/nwabada01.jpg,219lb,6'5
Jordan Nwora,https://www.basketball-reference.com/req/202106291/images/players/nworajo01.jpg,225lb,6'8
Royce O'Neale,https://www.basketball-reference.com/req/202106291/images/players/onealro01.jpg,226lb,6'4
Kyle O'Quinn,https://www.basketball-reference.com/req/202106291/images/players/oquinky01.jpg,250lb,6'9
Semi Ojeleye,https://www.basketball-reference.com/req/202106291/images/players/ojelese01.jpg,240lb,6'6
Jahlil Okafor,https://www.basketball-reference.com/req/202106291/images/players/okafoja01.jpg,270lb,6'10
Chuma Okeke,https://www.basketball-reference.com/req/202106291/images/players/okekech01.jpg,229lb,6'6
Elie Okobo,https://www.basketball-reference.com/req/202106291/images/players/okoboel01.jpg,190lb,6'3
Josh Okogie,https://www.basketball-reference.com/req/202106291/images/players/okogijo01.jpg,213lb,6'4
Onyeka Okongwu,https://www.basketball-reference.com/req/202106291/images/players/okongon01.jpg,235lb,6'8
Isaac Okoro,https://www.basketball-reference.com/req/202106291/images/players/okorois01.jpg,225lb,6'5
KZ Okpala,https://www.basketball-reference.com/req/202106291/images/players/okpalkz01.jpg,215lb,6'8
Victor Oladipo,https://www.basketball-reference.com/req/202106291/images/players/oladivi01.jpg,213lb,6'4
Cameron Oliver,https://www.basketball-reference.com/req/202106291/images/players/oliveca01.jpg,239lb,6'8
Kelly Olynyk,https://www.basketball-reference.com/req/202106291/images/players/olynyke01.jpg,240lb,6'11
Eugene Omoruyi,https://www.basketball-reference.com/req/202106291/images/players/omorueu01.jpg,244lb,6'7
Miye Oni,https://www.basketball-reference.com/req/202106291/images/players/onimi01.jpg,206lb,6'5
Cedi Osman,https://www.basketball-reference.com/req/202106291/images/players/osmande01.jpg,230lb,6'7
Daniel Oturu,https://www.basketball-reference.com/req/202106291/images/players/oturuda01.jpg,240lb,6'8
Kelly Oubre Jr.,https://www.basketball-reference.com/req/202106291/images/players/oubreke01.jpg,203lb,6'7
Tariq Owens,https://www.basketball-reference.com/req/202106291/images/players/owensta01.jpg,205lb,6'10
Jaysean Paige,NULL,200lb,6'6
Trayvon Palmer,NULL,200lb,6'6
Kevin Pangos,https://www.basketball-reference.com/req/202106291/images/players/pangoke01.jpg,179lb,6'2
Jeremy Pargo,https://www.basketball-reference.com/req/202106291/images/players/pargoje01.jpg,219lb,6'2
Jabari Parker,https://www.basketball-reference.com/req/202106291/images/players/parkeja01.jpg,245lb,6'8
Eric Paschall,https://www.basketball-reference.com/req/202106291/images/players/pascher01.jpg,255lb,6'6
Anejs Pasecniks,https://www.basketball-reference.com/req/202106291/images/players/pasecan01.jpg,229lb,7'1
Patrick Patterson,https://www.basketball-reference.com/req/202106291/images/players/pattepa01.jpg,235lb,6'8
Justin Patton,https://www.basketball-reference.com/req/202106291/images/players/pattoju01.jpg,241lb,6'11
Chris Paul,https://www.basketball-reference.com/req/202106291/images/players/paulch01.jpg,175lb,6'0
Cameron Payne,https://www.basketball-reference.com/req/202106291/images/players/payneca01.jpg,183lb,6'1
Elfrid Payton,https://www.basketball-reference.com/req/202106291/images/players/paytoel01.jpg,195lb,6'3
Gary Payton II,https://www.basketball-reference.com/req/202106291/images/players/paytoga02.jpg,190lb,6'3
Norvel Pelle,https://www.basketball-reference.com/req/202106291/images/players/pelleno01.jpg,231lb,6'10
Reggie Perry,https://www.basketball-reference.com/req/202106291/images/players/perryre01.jpg,250lb,6'8
Alec Peters,https://www.basketball-reference.com/req/202106291/images/players/peteral01.jpg,232lb,6'9
Jamorko Pickett,https://www.basketball-reference.com/req/202106291/images/players/pickeja01.jpg,206lb,6'9
Theo Pinson,https://www.basketball-reference.com/req/202106291/images/players/pinsoth01.jpg,212lb,6'5
Mason Plumlee,https://www.basketball-reference.com/req/202106291/images/players/plumlma01.jpg,254lb,6'11
Miles Plumlee,https://www.basketball-reference.com/req/202106291/images/players/plumlmi01.jpg,249lb,6'11
Jakob Poeltl,https://www.basketball-reference.com/req/202106291/images/players/poeltja01.jpg,245lb,7'1
Vincent Poirier,https://www.basketball-reference.com/req/202106291/images/players/poirivi01.jpg,235lb,7'0
Aleksej Pokusevski,https://www.basketball-reference.com/req/202106291/images/players/pokusal01.jpg,190lb,7'0
Shamorie Ponds,https://www.basketball-reference.com/req/202106291/images/players/pondssh01.jpg,180lb,6'0
Yves Pons,https://www.basketball-reference.com/req/202106291/images/players/ponsyv01.jpg,215lb,6'6
Jordan Poole,https://www.basketball-reference.com/req/202106291/images/players/poolejo01.jpg,194lb,6'4
Jontay Porter,https://www.basketball-reference.com/req/202106291/images/players/portejo01.jpg,240lb,6'11
Kevin Porter Jr.,https://www.basketball-reference.com/req/202106291/images/players/porteke02.jpg,203lb,6'4
Michael Porter Jr.,https://www.basketball-reference.com/req/202106291/images/players/portemi01.jpg,218lb,6'10
Otto Porter Jr.,https://www.basketball-reference.com/req/202106291/images/players/porteot01.jpg,198lb,6'8
Bobby Portis,https://www.basketball-reference.com/req/202106291/images/players/portibo01.jpg,250lb,6'10
Kristaps Porzingis,https://www.basketball-reference.com/req/202106291/images/players/porzikr01.jpg,240lb,7'3
Micah Potter,https://www.basketball-reference.com/req/202106291/images/players/pottemi01.jpg,248lb,6'10
Dwight Powell,https://www.basketball-reference.com/req/202106291/images/players/poweldw01.jpg,240lb,6'10
Myles Powell,https://www.basketball-reference.com/req/202106291/images/players/powelmy01.jpg,195lb,6'2
Norman Powell,https://www.basketball-reference.com/req/202106291/images/players/powelno01.jpg,215lb,6'3
Alex Poythress,https://www.basketball-reference.com/req/202106291/images/players/poythal01.jpg,235lb,6'9
Joshua Primo,https://www.basketball-reference.com/req/202106291/images/players/primojo01.jpg,190lb,6'6
Taurean Prince,https://www.basketball-reference.com/req/202106291/images/players/princta02.jpg,218lb,6'7
Payton Pritchard,https://www.basketball-reference.com/req/202106291/images/players/pritcpa01.jpg,195lb,6'1
Zhou Qi,https://www.basketball-reference.com/req/202106291/images/players/qizh01.jpg,210lb,7'1
Trevelin Queen,https://www.basketball-reference.com/req/202106291/images/players/queentr01.jpg,190lb,6'6
Neemias Queta,https://www.basketball-reference.com/req/202106291/images/players/quetane01.jpg,245lb,7'0
Immanuel Quickley,https://www.basketball-reference.com/req/202106291/images/players/quickim01.jpg,190lb,6'3
Ivan Rabb,https://www.basketball-reference.com/req/202106291/images/players/rabbiv01.jpg,220lb,6'10
Jahmi'us Ramsey,https://www.basketball-reference.com/req/202106291/images/players/ramseja01.jpg,190lb,6'3
Chasson Randle,https://www.basketball-reference.com/req/202106291/images/players/randlch01.jpg,185lb,6'2
Julius Randle,https://www.basketball-reference.com/req/202106291/images/players/randlju01.jpg,250lb,6'8
Austin Reaves,https://www.basketball-reference.com/req/202106291/images/players/reaveau01.jpg,206lb,6'5
Josh Reaves,https://www.basketball-reference.com/req/202106291/images/players/reavejo02.jpg,214lb,6'4
Cam Reddish,https://www.basketball-reference.com/req/202106291/images/players/reddica01.jpg,218lb,6'8
Davon Reed,https://www.basketball-reference.com/req/202106291/images/players/reedda01.jpg,208lb,6'5
Paul Reed,https://www.basketball-reference.com/req/202106291/images/players/reedpa01.jpg,210lb,6'9
Naz Reid,https://www.basketball-reference.com/req/202106291/images/players/reidna01.jpg,264lb,6'9
Cameron Reynolds,https://www.basketball-reference.com/req/202106291/images/players/reynoca01.jpg,225lb,6'7
Nick Richards,https://www.basketball-reference.com/req/202106291/images/players/richani01.jpg,245lb,7'0
Josh Richardson,https://www.basketball-reference.com/req/202106291/images/players/richajo01.jpg,200lb,6'5
Malachi Richardson,https://www.basketball-reference.com/req/202106291/images/players/richama01.jpg,205lb,6'6
Grant Riller,https://www.basketball-reference.com/req/202106291/images/players/rillegr01.jpg,190lb,6'2
Austin Rivers,https://www.basketball-reference.com/req/202106291/images/players/riverau01.jpg,200lb,6'4
Andre Roberson,https://www.basketball-reference.com/req/202106291/images/players/roberan03.jpg,210lb,6'7
Devin Robinson,https://www.basketball-reference.com/req/202106291/images/players/robinde01.jpg,200lb,6'8
Duncan Robinson,https://www.basketball-reference.com/req/202106291/images/players/robindu01.jpg,215lb,6'7
Glenn Robinson III,https://www.basketball-reference.com/req/202106291/images/players/robingl02.jpg,222lb,6'6
Jerome Robinson,https://www.basketball-reference.com/req/202106291/images/players/robinje01.jpg,190lb,6'4
Justin Robinson,https://www.basketball-reference.com/req/202106291/images/players/robinju01.jpg,195lb,6'1
Mitchell Robinson,https://www.basketball-reference.com/req/202106291/images/players/robinmi01.jpg,240lb,7'0
Jeremiah Robinson-Earl,https://www.basketball-reference.com/req/202106291/images/players/robinje02.jpg,230lb,6'9
Isaiah Roby,https://www.basketball-reference.com/req/202106291/images/players/robyis01.jpg,230lb,6'8
Rajon Rondo,https://www.basketball-reference.com/req/202106291/images/players/rondora01.jpg,180lb,6'1
Derrick Rose,https://www.basketball-reference.com/req/202106291/images/players/rosede01.jpg,200lb,6'2
Terrence Ross,https://www.basketball-reference.com/req/202106291/images/players/rosste01.jpg,206lb,6'6
Terry Rozier,https://www.basketball-reference.com/req/202106291/images/players/roziete01.jpg,190lb,6'1
Ricky Rubio,https://www.basketball-reference.com/req/202106291/images/players/rubiori01.jpg,190lb,6'2
D'Angelo Russell,https://www.basketball-reference.com/req/202106291/images/players/russeda01.jpg,193lb,6'4
Matt Ryan,NULL,200lb,6'6
Domantas Sabonis,https://www.basketball-reference.com/req/202106291/images/players/sabondo01.jpg,240lb,6'11
Luka amanic,https://www.basketball-reference.com/req/202106291/images/players/samanlu01.jpg,227lb,6'10
Brandon Sampson,https://www.basketball-reference.com/req/202106291/images/players/sampsbr01.jpg,184lb,6'5
JaKarr Sampson,https://www.basketball-reference.com/req/202106291/images/players/sampsja02.jpg,214lb,6'7
Dario aric,https://www.basketball-reference.com/req/202106291/images/players/saricda01.jpg,225lb,6'10
Olivier Sarr,https://www.basketball-reference.com/req/202106291/images/players/sarrol01.jpg,237lb,7'0
Tomá Satoranský,https://www.basketball-reference.com/req/202106291/images/players/satorto01.jpg,210lb,6'7
Jordan Schakel,https://www.basketball-reference.com/req/202106291/images/players/schakjo01.jpg,200lb,6'6
Admiral Schofield,https://www.basketball-reference.com/req/202106291/images/players/schofad01.jpg,241lb,6'5
Dennis Schröder,https://www.basketball-reference.com/req/202106291/images/players/schrode01.jpg,172lb,6'3
Mike Scott,https://www.basketball-reference.com/req/202106291/images/players/scottmi01.jpg,237lb,6'7
Tre Scott,NULL,200lb,6'6
Jay Scrubb,https://www.basketball-reference.com/req/202106291/images/players/scrubja01.jpg,220lb,6'5
Wayne Selden,https://www.basketball-reference.com/req/202106291/images/players/seldewa01.jpg,230lb,6'5
Alperen Sengün,https://www.basketball-reference.com/req/202106291/images/players/sengual01.jpg,235lb,6'9
Collin Sexton,https://www.basketball-reference.com/req/202106291/images/players/sextoco01.jpg,190lb,6'1
Landry Shamet,https://www.basketball-reference.com/req/202106291/images/players/shamela01.jpg,190lb,6'4
Day'Ron Sharpe,https://www.basketball-reference.com/req/202106291/images/players/sharpda01.jpg,265lb,6'11
Marial Shayok,https://www.basketball-reference.com/req/202106291/images/players/shayoma01.jpg,198lb,6'5
Iman Shumpert,https://www.basketball-reference.com/req/202106291/images/players/shumpim01.jpg,215lb,6'5
Pascal Siakam,https://www.basketball-reference.com/req/202106291/images/players/siakapa01.jpg,230lb,6'9
Jordan Sibert,https://www.basketball-reference.com/req/202106291/images/players/siberjo01.jpg,187lb,6'4
Chris Silva,https://www.basketball-reference.com/req/202106291/images/players/silvach01.jpg,234lb,6'8
Ben Simmons,https://www.basketball-reference.com/req/202106291/images/players/simmobe01.jpg,240lb,6'11
Jonathon Simmons,https://www.basketball-reference.com/req/202106291/images/players/simmojo02.jpg,195lb,6'6
Kobi Simmons,https://www.basketball-reference.com/req/202106291/images/players/simmoko01.jpg,166lb,6'5
Marko Simonovic,https://www.basketball-reference.com/req/202106291/images/players/simonma01.jpg,216lb,6'11
Anfernee Simons,https://www.basketball-reference.com/req/202106291/images/players/simonan01.jpg,181lb,6'3
Zavier Simpson,NULL,200lb,6'6
Jericho Sims,https://www.basketball-reference.com/req/202106291/images/players/simsje01.jpg,245lb,6'10
Deividas Sirvydis,https://www.basketball-reference.com/req/202106291/images/players/sirvyde01.jpg,190lb,6'8
Alen Smailagic,https://www.basketball-reference.com/req/202106291/images/players/smailal01.jpg,215lb,6'10
Javonte Smart,https://www.basketball-reference.com/req/202106291/images/players/smartja01.jpg,205lb,6'4
Marcus Smart,https://www.basketball-reference.com/req/202106291/images/players/smartma01.jpg,220lb,6'3
Dennis Smith Jr.,https://www.basketball-reference.com/req/202106291/images/players/smithde03.jpg,205lb,6'2
Ish Smith,https://www.basketball-reference.com/req/202106291/images/players/smithis01.jpg,175lb,6'0
Jalen Smith,https://www.basketball-reference.com/req/202106291/images/players/smithja04.jpg,215lb,6'10
Zhaire Smith,https://www.basketball-reference.com/req/202106291/images/players/smithzh01.jpg,205lb,6'3
Xavier Sneed,https://www.basketball-reference.com/req/202106291/images/players/sneedxa01.jpg,215lb,6'5
Tony Snell,https://www.basketball-reference.com/req/202106291/images/players/snellto01.jpg,213lb,6'6
Ray Spalding,https://www.basketball-reference.com/req/202106291/images/players/spaldra01.jpg,215lb,6'10
Omari Spellman,https://www.basketball-reference.com/req/202106291/images/players/spellom01.jpg,245lb,6'8
Jaden Springer,https://www.basketball-reference.com/req/202106291/images/players/sprinja01.jpg,204lb,6'4
Cassius Stanley,https://www.basketball-reference.com/req/202106291/images/players/stanlca01.jpg,190lb,6'5
Nik Stauskas,https://www.basketball-reference.com/req/202106291/images/players/stausni01.jpg,205lb,6'6
D.J. Stephens,https://www.basketball-reference.com/req/202106291/images/players/stephdj01.jpg,188lb,6'5
Lance Stephenson,https://www.basketball-reference.com/req/202106291/images/players/stephla01.jpg,230lb,6'6
Lamar Stevens,https://www.basketball-reference.com/req/202106291/images/players/stevela01.jpg,230lb,6'6
Isaiah Stewart,https://www.basketball-reference.com/req/202106291/images/players/stewais01.jpg,250lb,6'8
Max Strus,https://www.basketball-reference.com/req/202106291/images/players/strusma01.jpg,215lb,6'5
Jalen Suggs,https://www.basketball-reference.com/req/202106291/images/players/suggsja01.jpg,205lb,6'4
Edmond Sumner,https://www.basketball-reference.com/req/202106291/images/players/sumneed01.jpg,196lb,6'4
Caleb Swanigan,https://www.basketball-reference.com/req/202106291/images/players/swanica01.jpg,260lb,6'9
Craig Sword,NULL,200lb,6'6
Keifer Sykes,https://www.basketball-reference.com/req/202106291/images/players/sykeske01.jpg,180lb,6'0
Jae'Sean Tate,https://www.basketball-reference.com/req/202106291/images/players/tateja01.jpg,230lb,6'4
Jayson Tatum,https://www.basketball-reference.com/req/202106291/images/players/tatumja01.jpg,210lb,6'8
Terry Taylor,https://www.basketball-reference.com/req/202106291/images/players/taylote01.jpg,230lb,6'5
Jeff Teague,https://www.basketball-reference.com/req/202106291/images/players/teaguje01.jpg,195lb,6'3
Garrett Temple,https://www.basketball-reference.com/req/202106291/images/players/templga01.jpg,195lb,6'5
Milo Teodosic,https://www.basketball-reference.com/req/202106291/images/players/teodomi01.jpg,196lb,6'5
Jared Terrell,https://www.basketball-reference.com/req/202106291/images/players/terreja01.jpg,227lb,6'3
Emanuel Terry,https://www.basketball-reference.com/req/202106291/images/players/terryem01.jpg,220lb,6'9
Tyrell Terry,https://www.basketball-reference.com/req/202106291/images/players/terryty01.jpg,160lb,6'2
Jon Teske,https://www.basketball-reference.com/req/202106291/images/players/teskejo01.jpg,265lb,7'1
Daniel Theis,https://www.basketball-reference.com/req/202106291/images/players/theisda01.jpg,245lb,6'8
Brodric Thomas,https://www.basketball-reference.com/req/202106291/images/players/thomabr01.jpg,185lb,6'5
Cam Thomas,https://www.basketball-reference.com/req/202106291/images/players/thomaca02.jpg,210lb,6'4
Isaiah Thomas,https://www.basketball-reference.com/req/202106291/images/players/thomais02.jpg,185lb,5'9
Khyri Thomas,https://www.basketball-reference.com/req/202106291/images/players/thomakh01.jpg,210lb,6'3
Lance Thomas,https://www.basketball-reference.com/req/202106291/images/players/thomala01.jpg,240lb,6'8
Matt Thomas,https://www.basketball-reference.com/req/202106291/images/players/thomama02.jpg,190lb,6'4
Klay Thompson,https://www.basketball-reference.com/req/202106291/images/players/thompkl01.jpg,215lb,6'6
Tristan Thompson,https://www.basketball-reference.com/req/202106291/images/players/thomptr01.jpg,254lb,6'9
JT Thor,https://www.basketball-reference.com/req/202106291/images/players/thorjt01.jpg,205lb,6'10
Sindarius Thornwell,https://www.basketball-reference.com/req/202106291/images/players/thornsi01.jpg,215lb,6'4
Matisse Thybulle,https://www.basketball-reference.com/req/202106291/images/players/thybuma01.jpg,201lb,6'5
Killian Tillie,https://www.basketball-reference.com/req/202106291/images/players/tilliki02.jpg,220lb,6'9
Xavier Tillman Sr.,https://www.basketball-reference.com/req/202106291/images/players/tillmxa01.jpg,245lb,6'8
Isaiah Todd,https://www.basketball-reference.com/req/202106291/images/players/toddis01.jpg,220lb,6'10
Anthony Tolliver,https://www.basketball-reference.com/req/202106291/images/players/tollian01.jpg,240lb,6'8
Obi Toppin,https://www.basketball-reference.com/req/202106291/images/players/toppiob01.jpg,220lb,6'9
Juan Toscano-Anderson,https://www.basketball-reference.com/req/202106291/images/players/toscaju01.jpg,209lb,6'6
Axel Toupane,https://www.basketball-reference.com/req/202106291/images/players/toupaax01.jpg,197lb,6'7
Karl-Anthony Towns,https://www.basketball-reference.com/req/202106291/images/players/townska01.jpg,248lb,6'11
Gary Trent Jr.,https://www.basketball-reference.com/req/202106291/images/players/trentga02.jpg,209lb,6'5
Allonzo Trier,https://www.basketball-reference.com/req/202106291/images/players/trieral01.jpg,200lb,6'4
P.J. Tucker,https://www.basketball-reference.com/req/202106291/images/players/tuckepj01.jpg,245lb,6'5
Rayjon Tucker,https://www.basketball-reference.com/req/202106291/images/players/tuckera01.jpg,209lb,6'3
Myles Turner,https://www.basketball-reference.com/req/202106291/images/players/turnemy01.jpg,250lb,6'11
Ekpe Udoh,https://www.basketball-reference.com/req/202106291/images/players/udohek01.jpg,245lb,6'10
Tyler Ulis,https://www.basketball-reference.com/req/202106291/images/players/ulisty01.jpg,160lb,5'10
Jarrod Uthoff,https://www.basketball-reference.com/req/202106291/images/players/uthofja01.jpg,221lb,6'9
Jonas Valanciunas,https://www.basketball-reference.com/req/202106291/images/players/valanjo01.jpg,265lb,6'11
Denzel Valentine,https://www.basketball-reference.com/req/202106291/images/players/valende01.jpg,220lb,6'4
Fred VanVleet,https://www.basketball-reference.com/req/202106291/images/players/vanvlfr01.jpg,197lb,6'1
Jarred Vanderbilt,https://www.basketball-reference.com/req/202106291/images/players/vandeja01.jpg,214lb,6'9
Anderson Varejão,https://www.basketball-reference.com/req/202106291/images/players/varejan01.jpg,273lb,6'10
Devin Vassell,https://www.basketball-reference.com/req/202106291/images/players/vassede01.jpg,200lb,6'5
Gabe Vincent,https://www.basketball-reference.com/req/202106291/images/players/vincega01.jpg,200lb,6'3
Noah Vonleh,https://www.basketball-reference.com/req/202106291/images/players/vonleno01.jpg,257lb,6'10
Nikola Vucevic,https://www.basketball-reference.com/req/202106291/images/players/vucevni01.jpg,260lb,6'10
Dean Wade,https://www.basketball-reference.com/req/202106291/images/players/wadede01.jpg,228lb,6'9
Franz Wagner,https://www.basketball-reference.com/req/202106291/images/players/wagnefr01.jpg,225lb,6'9
Moritz Wagner,https://www.basketball-reference.com/req/202106291/images/players/wagnemo01.jpg,245lb,6'11
Ish Wainright,https://www.basketball-reference.com/req/202106291/images/players/wainris01.jpg,250lb,6'6
Dion Waiters,https://www.basketball-reference.com/req/202106291/images/players/waitedi01.jpg,215lb,6'3
Kemba Walker,https://www.basketball-reference.com/req/202106291/images/players/walkeke02.jpg,184lb,6'0
Lonnie Walker IV,https://www.basketball-reference.com/req/202106291/images/players/walkelo01.jpg,204lb,6'4
M.J. Walker,https://www.basketball-reference.com/req/202106291/images/players/walkemj01.jpg,213lb,6'5
John Wall,https://www.basketball-reference.com/req/202106291/images/players/walljo01.jpg,210lb,6'3
Tyrone Wallace,https://www.basketball-reference.com/req/202106291/images/players/wallaty01.jpg,198lb,6'5
Derrick Walton,https://www.basketball-reference.com/req/202106291/images/players/waltode01.jpg,189lb,6'0
Brad Wanamaker,https://www.basketball-reference.com/req/202106291/images/players/wanambr01.jpg,210lb,6'3
T.J. Warren,https://www.basketball-reference.com/req/202106291/images/players/warretj01.jpg,220lb,6'8
Julian Washburn,https://www.basketball-reference.com/req/202106291/images/players/washbju01.jpg,210lb,6'8
Duane Washington Jr.,https://www.basketball-reference.com/req/202106291/images/players/washidu02.jpg,210lb,6'3
P.J. Washington,https://www.basketball-reference.com/req/202106291/images/players/washipj01.jpg,230lb,6'7
Yuta Watanabe,https://www.basketball-reference.com/req/202106291/images/players/watanyu01.jpg,215lb,6'9
Lindy Waters III,https://www.basketball-reference.com/req/202106291/images/players/waterli01.jpg,215lb,6'6
Tremont Waters,https://www.basketball-reference.com/req/202106291/images/players/watertr01.jpg,175lb,5'10
Trendon Watford,https://www.basketball-reference.com/req/202106291/images/players/watfotr01.jpg,240lb,6'9
Paul Watson,https://www.basketball-reference.com/req/202106291/images/players/watsopa01.jpg,210lb,6'6
Quinndary Weatherspoon,https://www.basketball-reference.com/req/202106291/images/players/weathqu01.jpg,205lb,6'3
Thomas Welsh,https://www.basketball-reference.com/req/202106291/images/players/welshth01.jpg,255lb,7'0
Russell Westbrook,https://www.basketball-reference.com/req/202106291/images/players/westbru01.jpg,200lb,6'3
Coby White,https://www.basketball-reference.com/req/202106291/images/players/whiteco01.jpg,195lb,6'5
Derrick White,https://www.basketball-reference.com/req/202106291/images/players/whitede01.jpg,190lb,6'4
Okaro White,https://www.basketball-reference.com/req/202106291/images/players/whiteok01.jpg,205lb,6'8
Hassan Whiteside,https://www.basketball-reference.com/req/202106291/images/players/whiteha01.jpg,265lb,7'0
Greg Whittington,https://www.basketball-reference.com/req/202106291/images/players/whittgr01.jpg,210lb,6'8
Joe Wieskamp,https://www.basketball-reference.com/req/202106291/images/players/wieskjo01.jpg,212lb,6'6
Aaron Wiggins,https://www.basketball-reference.com/req/202106291/images/players/wiggiaa01.jpg,200lb,6'6
Andrew Wiggins,https://www.basketball-reference.com/req/202106291/images/players/wiggian01.jpg,197lb,6'7
Lindell Wigginton,https://www.basketball-reference.com/req/202106291/images/players/wiggili01.jpg,189lb,6'2
Alan Williams,https://www.basketball-reference.com/req/202106291/images/players/willial03.jpg,265lb,6'8
Brandon Williams,NULL,200lb,6'6
C.J. Williams,https://www.basketball-reference.com/req/202106291/images/players/willicj01.jpg,226lb,6'5
Grant Williams,https://www.basketball-reference.com/req/202106291/images/players/willigr01.jpg,236lb,6'6
Johnathan Williams,https://www.basketball-reference.com/req/202106291/images/players/willijo04.jpg,228lb,6'9
Kenrich Williams,https://www.basketball-reference.com/req/202106291/images/players/willike04.jpg,210lb,6'6
Lou Williams,https://www.basketball-reference.com/req/202106291/images/players/willilo02.jpg,175lb,6'1
Patrick Williams,https://www.basketball-reference.com/req/202106291/images/players/willipa01.jpg,215lb,6'7
Robert Williams,https://www.basketball-reference.com/req/202106291/images/players/williro04.jpg,237lb,6'8
Troy Williams,https://www.basketball-reference.com/req/202106291/images/players/willitr02.jpg,218lb,6'7
Ziaire Williams,https://www.basketball-reference.com/req/202106291/images/players/willizi02.jpg,215lb,6'8
Nigel Williams-Goss,https://www.basketball-reference.com/req/202106291/images/players/willini01.jpg,190lb,6'2
Zion Williamson,https://www.basketball-reference.com/req/202106291/images/players/willizi01.jpg,284lb,6'6
D.J. Wilson,https://www.basketball-reference.com/req/202106291/images/players/wilsodj01.jpg,231lb,6'10
Dylan Windler,https://www.basketball-reference.com/req/202106291/images/players/windldy01.jpg,196lb,6'6
Justise Winslow,https://www.basketball-reference.com/req/202106291/images/players/winslju01.jpg,222lb,6'6
Cassius Winston,https://www.basketball-reference.com/req/202106291/images/players/winstca01.jpg,185lb,6'1
James Wiseman,https://www.basketball-reference.com/req/202106291/images/players/wisemja01.jpg,240lb,7'0
Christian Wood,https://www.basketball-reference.com/req/202106291/images/players/woodch01.jpg,214lb,6'10
Robert Woodard II,https://www.basketball-reference.com/req/202106291/images/players/woodaro01.jpg,235lb,6'6
Delon Wright,https://www.basketball-reference.com/req/202106291/images/players/wrighde01.jpg,185lb,6'5
McKinley Wright IV,https://www.basketball-reference.com/req/202106291/images/players/wrighmc01.jpg,196lb,6'0
Moses Wright,https://www.basketball-reference.com/req/202106291/images/players/wrighmo01.jpg,233lb,6'9
Justin Wright-Foreman,https://www.basketball-reference.com/req/202106291/images/players/wrighju02.jpg,190lb,6'0
Guerschon Yabusele,https://www.basketball-reference.com/req/202106291/images/players/yabusgu01.jpg,260lb,6'8
Gabe York,NULL,200lb,6'6
Thaddeus Young,https://www.basketball-reference.com/req/202106291/images/players/youngth01.jpg,235lb,6'8
Trae Young,https://www.basketball-reference.com/req/202106291/images/players/youngtr01.jpg,164lb,6'1
Omer Yurtseven,https://www.basketball-reference.com/req/202106291/images/players/yurtsom01.jpg,264lb,7'0
Cody Zeller,https://www.basketball-reference.com/req/202106291/images/players/zelleco01.jpg,240lb,6'11
Tyler Zeller,https://www.basketball-reference.com/req/202106291/images/players/zellety01.jpg,253lb,7'0
Ante iic,https://www.basketball-reference.com/req/202106291/images/players/zizican01.jpg,266lb,6'10
Ivica Zubac,https://www.basketball-reference.com/req/202106291/images/players/zubaciv01.jpg,240lb,7'0
