Num,Player,Pos,HT,WT,Age,Current Team,YOS,Pre-Draft Team,Draft Status,Nationality
5,Precious Achiuwa,SF,6-8,235,22,Toronto Raptors,1,Memphis,2020 Rnd 1 Pick 20,Nigeria
4,Steven Adams,C,6-11,265,28,Memphis Grizzlies,8,Pittsburgh,2013 Rnd 1 Pick 12,New Zealand
13,Bam Adebayo,C,6-10,255,24,Miami Heat,4,Kentucky,2017 Rnd 1 Pick 14,United States
7,Santi Aldama,C,6-11,224,21,Memphis Grizzlies,0,Loyola (MD),2021 Rnd 1 Pick 30,Spain
21,LaMarcus Aldridge,FC,6-11,265,36,Brooklyn Nets,15,Texas,2006 Rnd 1 Pick 2,United States
6,Nickeil Alexander-Walker,SG,6-5,205,23,Utah Jazz,2,Virginia Tech,2019 Rnd 1 Pick 17,Canada
7,Grayson Allen,SG,6-4,198,26,Milwaukee Bucks,3,Duke,2018 Rnd 1 Pick 21,United States
31,Jarrett Allen,C,6-11,248,23,Cleveland Cavaliers,4,Texas,2017 Rnd 1 Pick 22,United States
15,Jose Alvarado,G,6-0,179,24,New Orleans Pelicans,0,Georgia Tech,"2021 NBA Draft, Undrafted",United States
1,Kyle Anderson,PF,6-8,230,28,Memphis Grizzlies,7,UCLA,2014 Rnd 1 Pick 30,United States
34,Giannis Antetokounmpo,F,6-11,242,27,Milwaukee Bucks,8,Filathlitikos Div II Greece (Greece),2013 Rnd 1 Pick 15,Greece
,,,,,,,,,,Nigeria
43,Thanasis Antetokounmpo,SF,6-7,215,29,Milwaukee Bucks,3,Delaware 87ers,2014 Rnd 2 Pick 21,Greece
,,,,,,,,,,Nigeria
7,Carmelo Anthony,F,6-8,240,37,Los Angeles Lakers,18,Syracuse,2003 Rnd 1 Pick 3,United States
50,Cole Anthony,PG,6-3,190,21,Orlando Magic,1,North Carolina,2020 Rnd 1 Pick 15,United States
3,Ogugua Anunoby,SF,6-8,232,24,Toronto Raptors,4,Indiana,2017 Rnd 1 Pick 23,England
,,,,,,,,,,United States
51,Ryan Arcidiacono,G,6-3,195,28,New York Knicks,4,Villanova,"2016 NBA Draft, Undrafted",United States
4,D.J. Augustin,G,6-0,183,34,Los Angeles Lakers,13,Texas,2008 Rnd 1 Pick 9,United States
9,Deni Avdija,SG,6-9,210,21,Washington Wizards,1,Maccabi Tel Aviv U18 (Israel),2020 Rnd 1 Pick 9,Israel
22,Deandre Ayton,C,7-1,250,23,Phoenix Suns,3,Arizona,2018 Rnd 1 Pick 1,Bahamas
20,Udoka Azubuike,C,7-0,270,22,Utah Jazz,1,Kansas,2020 Rnd 1 Pick 27,Nigeria
35,Marvin Bagley III,PF,6-11,240,23,Detroit Pistons,3,Duke,2018 Rnd 1 Pick 2,United States
2,LaMelo Ball,G,6-7,185,20,Charlotte Hornets,1,Illawarra (Australia),2020 Rnd 1 Pick 3,United States
2,Lonzo Ball,PG,6-6,190,24,Chicago Bulls,4,UCLA,2017 Rnd 1 Pick 2,United States
5,Mohamed Bamba,C,7-0,250,23,Orlando Magic,3,Texas,2018 Rnd 1 Pick 6,United States
22,Desmond Bane,SG,6-6,215,23,Memphis Grizzlies,1,Texas Christian,2020 Rnd 1 Pick 30,United States
45,Dalano Banton,PG,6-9,204,22,Toronto Raptors,0,Nebraska,2021 Rnd 2 Pick 16,Canada
40,Harrison Barnes,SF,6-8,225,29,Sacramento Kings,9,North Carolina,2012 Rnd 1 Pick 7,United States
4,Scottie Barnes,SF,6-9,227,20,Toronto Raptors,0,Florida State,2021 Rnd 1 Pick 4,United States
9,R.J. Barrett,SG,6-7,202,21,New York Knicks,2,Duke,2019 Rnd 1 Pick 3,Canada
5,Will Barton,GF,6-5,181,31,Denver Nuggets,9,Memphis,2012 Rnd 2 Pick 10,United States
23,Charles Bassey,PF,6-10,235,21,Philadelphia Sixers,0,Western Kentucky,2021 Rnd 2 Pick 23,Nigeria
,,,,,,,,,,United States
31,Keita Bates-Diop,SF,6-8,230,26,San Antonio Spurs,3,Ohio State,2018 Rnd 2 Pick 18,United States
33,Nicolas Batum,F,6-8,230,33,Los Angeles Clippers,13,Le Mans Sarthe Basket (France),2008 Rnd 1 Pick 25,France
9,Kent Bazemore,GF,6-4,195,32,Los Angeles Lakers,9,Old Dominion,"2012 NBA Draft, Undrafted",United States
7,Darius Bazley,PF,6-8,208,21,Oklahoma City Thunder,2,,2019 Rnd 1 Pick 23,United States
3,Bradley Beal,SG,6-3,207,28,Washington Wizards,9,Florida,2012 Rnd 1 Pick 3,United States
5,Malik Beasley,SG,6-4,196,25,Minnesota Timberwolves,5,Florida State,2016 Rnd 1 Pick 19,United States
44,Davis Bertans,SF,6-10,225,29,Dallas Mavericks,5,Union Olimpija (Slovenia),2011 Rnd 2 Pick 12,Latvia
22,Patrick Beverley,PG,6-1,180,33,Minnesota Timberwolves,9,Dnipro Dnipropetrovsk (Ukraine),2009 Rnd 2 Pick 12,United States
41,Saddiq Bey,F,6-8,215,23,Detroit Pistons,1,Villanova,2020 Rnd 1 Pick 19,United States
24,Khem Birch,PF,6-9,230,29,Toronto Raptors,4,UNLV,"2014 NBA Draft, Undrafted",Canada
88,Goga Bitadze,C,6-11,245,22,Indiana Pacers,2,KK Mega Bemax (Serbia),2019 Rnd 1 Pick 18,Georgia
18,Bismack Biyombo,PF,6-9,255,29,Phoenix Suns,10,Urbas Fuenlabrada (Spain),2011 Rnd 1 Pick 7,Democratic Republic of the Congo
8,Nemanja Bjelica,PF,6-10,235,33,Golden State Warriors,6,KK Crvena Zvezda (Serbia),2010 Rnd 2 Pick 5,Serbia
5,Eric Bledsoe,PG,6-1,214,32,Portland Trail Blazers,11,Kentucky,2010 Rnd 1 Pick 18,United States
21,Keljin Blevins,G,6-4,200,26,Portland Trail Blazers,1,Montana State,"2019 NBA Draft, Undrafted",United States
13,Bogdan Bogdanovic,SG,6-6,220,29,Atlanta Hawks,4,KK Partizan (Serbia),2014 Rnd 1 Pick 27,Serbia
44,Bojan Bogdanovic,F,6-8,216,33,Utah Jazz,7,KK Cibona (Croatia),2011 Rnd 2 Pick 1,Bosnia and Herzegovina
,,,,,,,,,,Croatia
10,Bol Bol,C,7-2,209,22,Orlando Magic,2,Oregon,2019 Rnd 2 Pick 14,United States
9,Leandro Bolmaro,SG,6-6,200,21,Minnesota Timberwolves,0,FC Barcelona II (Spain),2020 Rnd 1 Pick 23,Argentina
17,Isaac Bonga,SG,6-8,180,22,Toronto Raptors,3,Fraport Skyliners (Germany),2018 Rnd 2 Pick 9,Germany
1,Devin Booker,SG,6-6,206,25,Phoenix Suns,6,Kentucky,2015 Rnd 1 Pick 13,United States
4,"B.J. Boston, Jr.",SG,6-6,188,20,Los Angeles Clippers,0,Kentucky,2021 Rnd 2 Pick 21,United States
25,Chris Boucher,PF,6-10,200,29,Toronto Raptors,4,Oregon,"2017 NBA Draft, Undrafted",Saint Lucia
,,,,,,,,,,Canada
5,James Bouknight,G,6-4,185,21,Charlotte Hornets,0,Connecticut,2021 Rnd 1 Pick 11,United States
20,Avery Bradley,PG,6-3,180,31,Los Angeles Lakers,11,Texas,2010 Rnd 1 Pick 19,United States
13,Tony Bradley,C,6-11,248,24,Chicago Bulls,4,North Carolina,2017 Rnd 1 Pick 28,United States
17,Ignas Brazdeikis,SF,6-6,221,23,Orlando Magic,2,Michigan,2019 Rnd 2 Pick 17,Lithuania
,,,,,,,,,,Canada
25,Mikal Bridges,SG,6-7,210,25,Phoenix Suns,3,Villanova,2018 Rnd 1 Pick 10,United States
0,Miles Bridges,SF,6-7,225,24,Charlotte Hornets,3,Michigan State,2018 Rnd 1 Pick 12,United States
12,OShae Brissett,PF,6-7,210,23,Indiana Pacers,2,Syracuse,"2019 NBA Draft, Undrafted",Canada
7,Malcolm Brogdon,SG,6-5,229,29,Indiana Pacers,5,Virginia,2016 Rnd 2 Pick 6,United States
7,Armoni Brooks,SG,6-3,195,23,Toronto Raptors,1,Houston,"2019 NBA Draft, Undrafted",United States
24,Dillon Brooks,F,6-6,215,26,Memphis Grizzlies,4,Oregon,2017 Rnd 2 Pick 15,Canada
4,Greg Brown III,SF,6-8,206,20,Portland Trail Blazers,0,Texas,2021 Rnd 2 Pick 13,United States
16,Charlie Brown,SG,6-6,199,25,Philadelphia Sixers,2,Saint Joseph's,"2019 NBA Draft, Undrafted",United States
45,Chaundee Brown,SF,6-5,215,23,Atlanta Hawks,0,Michigan,"2021 NBA Draft, Undrafted",United States
7,Jaylen Brown,SF,6-6,220,25,Boston Celtics,5,California,2016 Rnd 1 Pick 3,United States
1,"Bruce Brown, Jr.",SG,6-4,202,25,Brooklyn Nets,3,Miami (FL),2018 Rnd 2 Pick 12,United States
7,"Troy Brown, Jr.",SF,6-6,215,22,Chicago Bulls,3,Oregon,2018 Rnd 1 Pick 15,United States
6,Moses Brown,C,7-1,245,22,Cleveland Cavaliers,2,UCLA,"2019 NBA Draft, Undrafted",United States
0,Sterling Brown,G,6-5,219,27,Dallas Mavericks,4,Southern Methodist,2017 Rnd 2 Pick 16,United States
13,Jalen Brunson,PG,6-1,190,25,Dallas Mavericks,3,Villanova,2018 Rnd 2 Pick 3,United States
13,Thomas Bryant,C,6-10,248,24,Washington Wizards,4,Indiana,2017 Rnd 2 Pick 12,United States
25,Reggie Bullock,SG,6-7,205,31,Dallas Mavericks,8,North Carolina,2013 Rnd 1 Pick 25,United States
3,Trey Burke,G,6-0,185,29,Dallas Mavericks,8,Michigan,2013 Rnd 1 Pick 9,United States
18,Alec Burks,SG,6-6,214,30,New York Knicks,10,Colorado,2011 Rnd 1 Pick 12,United States
13,Jared Butler,PG,6-3,195,21,Utah Jazz,0,Baylor,2021 Rnd 2 Pick 10,United States
22,Jimmy Butler,GF,6-8,232,32,Miami Heat,10,Marquette,2011 Rnd 1 Pick 30,United States
16,Devontae Cacok,PF,6-7,240,25,San Antonio Spurs,2,UNC Wilmington,"2019 NBA Draft, Undrafted",United States
1,Kentavious Caldwell-Pope,SG,6-5,204,29,Washington Wizards,8,Georgia,2013 Rnd 1 Pick 8,United States
7,Facundo Campazzo,PG,5-11,165,31,Denver Nuggets,1,Penarol (Argentina),"2013 NBA Draft, Undrafted",Argentina
31,Vlatko Cancar,SF,6-8,236,25,Denver Nuggets,2,KK Mega Bemax (Serbia),2017 Rnd 2 Pick 19,Slovenia
30,Devin Cannady,PG,6-2,183,25,Orlando Magic,1,Princeton,"2019 NBA Draft, Undrafted",United States
15,Clint Capela,PF,6-10,240,27,Atlanta Hawks,7,Chalon-Sur-Saone (France),2014 Rnd 1 Pick 25,Switzerland
22,"Vernon Carey, Jr.",PF,6-9,258,21,Washington Wizards,1,Duke,2020 Rnd 2 Pick 2,United States
5,Jevon Carter,PG,6-1,195,26,Milwaukee Bucks,3,West Virginia,2018 Rnd 2 Pick 2,United States
34,"Wendell Carter, Jr.",PF,6-10,270,23,Orlando Magic,3,Duke,2018 Rnd 1 Pick 7,United States
6,Alex Caruso,G,6-4,186,28,Chicago Bulls,4,Texas A&M,"2016 NBA Draft, Undrafted",United States
11,Justin Champagnie,F,6-6,200,21,Toronto Raptors,0,Pittsburgh,"2021 NBA Draft, Undrafted",United States
2,Chris Chiozza,PG,5-11,175,26,Golden State Warriors,3,Florida,"2018 NBA Draft, Undrafted",United States
32,Marquese Chriss,PF,6-9,240,24,Dallas Mavericks,5,Washington,2016 Rnd 1 Pick 8,United States
9,Josh Christopher,G,6-5,215,20,Houston Rockets,0,Arizona State,2021 Rnd 1 Pick 24,United States
12,Gary Clark,SF,6-6,225,27,New Orleans Pelicans,3,Cincinnati,"2018 NBA Draft, Undrafted",United States
15,Brandon Clarke,PF,6-8,210,25,Memphis Grizzlies,2,Gonzaga,2019 Rnd 1 Pick 21,Canada
0,Jordan Clarkson,G,6-5,192,29,Utah Jazz,7,Missouri,2014 Rnd 2 Pick 16,United States
33,Nicolas Claxton,C,6-11,226,23,Brooklyn Nets,2,Georgia,2019 Rnd 2 Pick 1,United States
,,,,,,,,,,U.S. Virgin Islands
7,Amir Coffey,SF,6-7,210,24,Los Angeles Clippers,2,Minnesota,"2019 NBA Draft, Undrafted",United States
20,John Collins,PF,6-9,235,24,Atlanta Hawks,4,Wake Forest,2017 Rnd 1 Pick 19,United States
23,Zach Collins,C,6-11,250,24,San Antonio Spurs,4,Gonzaga,2017 Rnd 1 Pick 10,United States
11,Mike Conley,PG,6-1,175,34,Utah Jazz,14,Ohio State,2007 Rnd 1 Pick 4,United States
24,Pat Connaughton,SF,6-4,209,29,Milwaukee Bucks,6,Notre Dame,2015 Rnd 2 Pick 11,United States
25,Tyler Cook,C,6-8,255,24,Chicago Bulls,2,Iowa,"2019 NBA Draft, Undrafted",United States
2,Sharife Cooper,PG,6-1,180,21,Atlanta Hawks,0,Auburn,2021 Rnd 2 Pick 18,United States
4,DeMarcus Cousins,C,6-11,270,31,Denver Nuggets,11,Kentucky,2010 Rnd 1 Pick 5,United States
23,Robert Covington,F,6-7,209,31,Los Angeles Clippers,8,Tennessee State,"2013 NBA Draft, Undrafted",United States
12,Torrey Craig,GF,6-7,221,31,Phoenix Suns,4,USC Upstate,"2014 NBA Draft, Undrafted",United States
99,Jae Crowder,SF,6-6,235,31,Phoenix Suns,9,Marquette,2012 Rnd 2 Pick 4,United States
23,Jarrett Culver,SG,6-6,195,23,Memphis Grizzlies,2,Texas Tech,2019 Rnd 1 Pick 6,United States
2,Cade Cunningham,SF,6-6,220,20,Detroit Pistons,0,Oklahoma State,2021 Rnd 1 Pick 1,United States
30,Seth Curry,G,6-1,190,31,Brooklyn Nets,8,Duke,"2013 NBA Draft, Undrafted",United States
30,Stephen Curry,G,6-3,193,34,Golden State Warriors,12,Davidson,2009 Rnd 1 Pick 7,United States
3,Anthony Davis,PF,6-10,253,29,Los Angeles Lakers,9,Kentucky,2012 Rnd 1 Pick 1,United States
17,Ed Davis,PF,6-9,218,32,Cleveland Cavaliers,11,North Carolina,2010 Rnd 1 Pick 13,United States
9,Terence Davis,SF,6-4,205,24,Sacramento Kings,2,Ole Miss,"2019 NBA Draft, Undrafted",United States
11,DeMar DeRozan,GF,6-6,220,32,Chicago Bulls,12,USC,2009 Rnd 1 Pick 9,United States
21,Dewayne Dedmon,PF,7-0,245,32,Miami Heat,8,USC,"2013 NBA Draft, Undrafted",United States
0,Donte DiVincenzo,SG,6-4,203,25,Sacramento Kings,3,Villanova,2018 Rnd 1 Pick 17,United States
6,Hamidou Diallo,SG,6-5,202,23,Detroit Pistons,3,Kentucky,2018 Rnd 2 Pick 15,United States
,,,,,,,,,,Guinea
10,Gorgui Dieng,FC,6-10,250,32,Atlanta Hawks,8,Louisville,2013 Rnd 1 Pick 21,Senegal
26,Spencer Dinwiddie,PG,6-5,215,29,Dallas Mavericks,7,Colorado,2014 Rnd 2 Pick 8,United States
77,Luka Doncic,SF,6-7,230,23,Dallas Mavericks,3,Real Madrid (Spain),2018 Rnd 1 Pick 3,Slovenia
5,Luguentz Dort,PG,6-4,215,23,Oklahoma City Thunder,2,Arizona State,"2019 NBA Draft, Undrafted",Canada
12,Ayo Dosunmu,PG,6-5,200,22,Chicago Bulls,0,Illinois,2021 Rnd 2 Pick 8,United States
9,Goran Dragic,G,6-3,190,35,Brooklyn Nets,13,Union Olimpija (Slovenia),2008 Rnd 2 Pick 15,Slovenia
4,Andre Drummond,C,6-10,280,28,Brooklyn Nets,9,Connecticut,2012 Rnd 1 Pick 9,United States
3,Chris Duarte,PG,6-6,190,24,Indiana Pacers,0,Oregon,2021 Rnd 1 Pick 13,Canada
,,,,,,,,,,Dominican Republic
30,David Duke,SG,6-4,204,22,Brooklyn Nets,0,Providence,"2021 NBA Draft, Undrafted",United States
7,Kevin Durant,SF,6-10,225,33,Brooklyn Nets,14,Texas,2007 Rnd 1 Pick 2,United States
1,Anthony Edwards,SF,6-5,229,20,Minnesota Timberwolves,1,Georgia,2020 Rnd 1 Pick 1,United States
20,Carsen Edwards,PG,5-11,200,24,Detroit Pistons,2,Purdue,2019 Rnd 2 Pick 3,United States
14,Kessler Edwards,SG,6-7,203,21,Brooklyn Nets,0,Pepperdine,2021 Rnd 2 Pick 14,United States
16,C.J. Elleby,SF,6-6,200,21,Portland Trail Blazers,1,Washington State,2020 Rnd 2 Pick 16,United States
2,Wayne Ellington,SG,6-4,207,34,Los Angeles Lakers,12,North Carolina,2009 Rnd 1 Pick 28,United States
21,Joel Embiid,C,7-0,280,28,Philadelphia Sixers,7,Kansas,2014 Rnd 1 Pick 3,Cameroon
15,Derrick Favors,FC,6-10,265,30,Oklahoma City Thunder,11,Georgia Tech,2010 Rnd 1 Pick 3,United States
20,Bruno Fernando,C,6-9,240,23,Houston Rockets,2,Maryland,2019 Rnd 2 Pick 4,Angola
10,Dorian Finney-Smith,SF,6-7,220,28,Dallas Mavericks,5,Florida,"2016 NBA Draft, Undrafted",United States
24,Malik Fitts,SF,6-8,230,24,Boston Celtics,1,Saint Mary's,"2020 NBA Draft, Undrafted",United States
8,Malachi Flynn,PG,6-1,185,23,Toronto Raptors,1,San Diego State,2020 Rnd 1 Pick 29,United States
6,Bryn Forbes,G,6-2,205,28,Denver Nuggets,5,Michigan State,"2016 NBA Draft, Undrafted",United States
3,Trent Forrest,SG,6-4,210,23,Utah Jazz,1,Florida State,"2020 NBA Draft, Undrafted",United States
13,Evan Fournier,SG,6-7,205,29,New York Knicks,9,Poitiers Basket 86 (France),2012 Rnd 1 Pick 20,France
5,De'Aaron Fox,PG,6-3,185,24,Sacramento Kings,4,Kentucky,2017 Rnd 1 Pick 5,United States
35,"Melvin Frazier, Jr.",SF,6-6,200,25,Oklahoma City Thunder,2,Tulane,2018 Rnd 2 Pick 5,United States
20,Markelle Fultz,PG,6-4,209,23,Orlando Magic,4,Washington,2017 Rnd 1 Pick 1,United States
35,Wenyen Gabriel,PF,6-9,205,25,Los Angeles Lakers,3,Kentucky,"2018 NBA Draft, Undrafted",South Sudan
21,Daniel Gafford,C,6-11,234,23,Washington Wizards,2,Arkansas,2019 Rnd 2 Pick 8,United States
8,Danilo Gallinari,SF,6-10,233,33,Atlanta Hawks,13,AX Armani Exchange Milan (Italy),2008 Rnd 1 Pick 6,Italy
10,Darius Garland,G,6-1,186,22,Cleveland Cavaliers,2,Vanderbilt,2019 Rnd 1 Pick 5,United States
16,Usman Garuba,C,6-8,220,20,Houston Rockets,0,Real Madrid (Spain),2021 Rnd 1 Pick 23,Spain
55,Luka Garza,C,6-11,235,23,Detroit Pistons,0,Iowa,2021 Rnd 2 Pick 22,United States
8,Rudy Gay,SF,6-8,240,35,Utah Jazz,15,Connecticut,2006 Rnd 1 Pick 8,United States
13,Paul George,GF,6-8,220,31,Los Angeles Clippers,11,Fresno State,2010 Rnd 1 Pick 10,United States
67,Taj Gibson,F,6-9,232,36,New York Knicks,12,USC,2009 Rnd 1 Pick 26,United States
3,Josh Giddey,G,6-8,210,19,Oklahoma City Thunder,0,Adelaide (Australia),2021 Rnd 1 Pick 6,Australia
2,Shai Gilgeous-Alexander,PG,6-6,181,23,Oklahoma City Thunder,3,Kentucky,2018 Rnd 1 Pick 11,Canada
16,Anthony Gill,PF,6-8,230,29,Washington Wizards,1,Virginia,"2016 NBA Draft, Undrafted",United States
27,Rudy Gobert,C,7-1,245,29,Utah Jazz,8,Cholet Basket (France),2013 Rnd 1 Pick 27,France
26,Brandon Goodwin,PG,6-0,180,26,Cleveland Cavaliers,3,Florida Gulf Coast,"2018 NBA Draft, Undrafted",United States
50,Aaron Gordon,F,6-8,235,26,Denver Nuggets,7,Arizona,2014 Rnd 1 Pick 4,United States
10,Eric Gordon,G,6-3,215,33,Houston Rockets,13,Indiana,2008 Rnd 1 Pick 7,United States
4,Devonte' Graham,PG,6-1,185,27,New Orleans Pelicans,3,Kansas,2018 Rnd 2 Pick 4,United States
9,Jerami Grant,F,6-8,210,28,Detroit Pistons,7,Syracuse,2014 Rnd 2 Pick 9,United States
14,Danny Green,SF,6-6,220,34,Philadelphia Sixers,12,North Carolina,2009 Rnd 2 Pick 16,United States
23,Draymond Green,F,6-6,235,32,Golden State Warriors,9,Michigan State,2012 Rnd 2 Pick 5,United States
0,JaMychal Green,PF,6-8,227,31,Denver Nuggets,7,Alabama,"2012 NBA Draft, Undrafted",United States
0,Jalen Green,SG,6-6,178,20,Houston Rockets,0,NBA G League Ignite,2021 Rnd 1 Pick 2,United States
24,Javonte Green,G,6-4,205,28,Chicago Bulls,2,Radford,"2015 NBA Draft, Undrafted",United States
,,,,,,,,,,Montenegro
32,Jeff Green,F,6-8,235,35,Denver Nuggets,13,Georgetown,2007 Rnd 1 Pick 5,United States
8,Josh Green,SG,6-6,210,21,Dallas Mavericks,1,Arizona,2020 Rnd 1 Pick 18,United States
,,,,,,,,,,Australia
2,Blake Griffin,PF,6-9,246,33,Brooklyn Nets,12,Oklahoma,2009 Rnd 1 Pick 1,United States
6,Quentin Grimes,SG,6-5,205,21,New York Knicks,0,Houston,2021 Rnd 1 Pick 25,United States
8,Rui Hachimura,F,6-8,230,24,Washington Wizards,2,Gonzaga,2019 Rnd 1 Pick 9,Japan
0,Tyrese Haliburton,PG,6-5,172,22,Indiana Pacers,1,Iowa State,2020 Rnd 1 Pick 12,United States
13,R.J. Hampton,G,6-6,176,21,Orlando Magic,1,New Zealand (New Zealand),2020 Rnd 1 Pick 24,United States
11,Tim Hardaway Jr.,SG,6-5,205,30,Dallas Mavericks,8,Michigan,2013 Rnd 1 Pick 24,United States
1,James Harden,SG,6-5,220,32,Philadelphia Sixers,12,Arizona State,2009 Rnd 1 Pick 3,United States
8,Maurice Harkless,F,6-9,220,28,Sacramento Kings,9,St. John's,2012 Rnd 1 Pick 15,United States
,,,,,,,,,,Puerto Rico
2,Jared Harper,PG,6-0,175,24,New Orleans Pelicans,2,Auburn,"2019 NBA Draft, Undrafted",United States
8,Montrezl Harrell,F,6-7,240,28,Charlotte Hornets,6,Louisville,2015 Rnd 2 Pick 2,United States
14,Gary Harris,SG,6-4,205,27,Orlando Magic,7,Michigan State,2014 Rnd 1 Pick 19,United States
12,Joe Harris,SG,6-6,220,30,Brooklyn Nets,7,Virginia,2014 Rnd 2 Pick 3,United States
33,Tobias Harris,F,6-7,230,29,Philadelphia Sixers,10,Tennessee,2011 Rnd 1 Pick 19,United States
11,Josh Hart,SG,6-5,215,27,Portland Trail Blazers,4,Villanova,2017 Rnd 1 Pick 30,United States
55,Isaiah Hartenstein,PF,7-0,250,23,Los Angeles Clippers,3,Zalgiris (Lithuania),2017 Rnd 2 Pick 13,United States
,,,,,,,,,,Germany
40,Udonis Haslem,FC,6-8,235,41,Miami Heat,18,Florida,"2002 NBA Draft, Undrafted",United States
30,Sam Hauser,SF,6-8,215,24,Boston Celtics,0,Virginia,"2021 NBA Draft, Undrafted",United States
10,Jaxson Hayes,PF,6-11,220,21,New Orleans Pelicans,2,Texas,2019 Rnd 1 Pick 8,United States
7,Killian Hayes,G,6-5,216,20,Detroit Pistons,1,Ratiopharm Ulm (Germany),2020 Rnd 1 Pick 7,France
,,,,,,,,,,United States
20,Gordon Hayward,GF,6-7,230,32,Charlotte Hornets,11,Butler,2010 Rnd 1 Pick 9,United States
41,Juancho Hernangomez,F,6-9,214,26,Utah Jazz,5,Movistar Estudiantes (Spain),2016 Rnd 1 Pick 15,Spain
9,Willy Hernangomez,C,6-11,250,27,New Orleans Pelicans,5,Cajasol Seville U18 (Spain),2015 Rnd 2 Pick 5,Spain
14,Tyler Herro,SG,6-6,195,22,Miami Heat,2,Kentucky,2019 Rnd 1 Pick 13,United States
24,Buddy Hield,G,6-4,220,29,Indiana Pacers,5,Oklahoma,2016 Rnd 1 Pick 6,Bahamas
24,Haywood Highsmith,F,6-7,220,25,Miami Heat,1,Wheeling Jesuit,"2018 NBA Draft, Undrafted",United States
3,George Hill,G,6-3,188,35,Milwaukee Bucks,13,IUPUI,2008 Rnd 1 Pick 26,United States
14,Malcolm Hill,G,6-6,225,26,Chicago Bulls,0,Illinois,"2017 NBA Draft, Undrafted",United States
14,Nate Hinton,SF,6-5,210,22,Indiana Pacers,1,Houston,"2020 NBA Draft, Undrafted",United States
4,Aaron Holiday,PG,6-0,185,25,Phoenix Suns,3,UCLA,2018 Rnd 1 Pick 23,United States
21,Jrue Holiday,G,6-4,205,31,Milwaukee Bucks,12,UCLA,2009 Rnd 1 Pick 17,United States
9,Justin Holiday,SF,6-6,181,33,Sacramento Kings,8,Washington,"2011 NBA Draft, Undrafted",United States
22,Richaun Holmes,F,6-10,240,28,Sacramento Kings,6,Bowling Green,2015 Rnd 2 Pick 7,United States
22,Rodney Hood,F,6-8,205,29,Los Angeles Clippers,7,Duke,2014 Rnd 1 Pick 23,United States
42,Al Horford,FC,6-9,240,35,Boston Celtics,14,Florida,2007 Rnd 1 Pick 3,Dominican Republic
,,,,,,,,,,United States
5,Talen Horton-Tucker,SF,6-4,233,21,Los Angeles Lakers,2,Iowa State,2019 Rnd 2 Pick 16,United States
25,Danuel House,F,6-6,215,28,Utah Jazz,5,Texas A&M,"2016 NBA Draft, Undrafted",United States
39,Dwight Howard,C,6-11,265,36,Los Angeles Lakers,17,Southwest Atlanta Christian Academy (Georgia),2004 Rnd 1 Pick 1,United States
0,Markus Howard,SG,5-11,180,23,Denver Nuggets,1,Marquette,"2020 NBA Draft, Undrafted",United States
3,Kevin Huerter,SF,6-7,190,23,Atlanta Hawks,3,Maryland,2018 Rnd 1 Pick 19,United States
19,Elijah Hughes,SF,6-6,215,24,Portland Trail Blazers,1,Syracuse,2020 Rnd 2 Pick 9,United States
16,Feron Hunt,SF,6-8,195,22,New York Knicks,0,Southern Methodist,"2021 NBA Draft, Undrafted",United States
12,De'Andre Hunter,PF,6-7,225,24,Atlanta Hawks,2,Virginia,2019 Rnd 1 Pick 4,United States
3,Bones Hyland,G,6-3,173,21,Denver Nuggets,0,VCU,2021 Rnd 1 Pick 26,United States
25,Serge Ibaka,C,6-10,235,32,Milwaukee Bucks,12,CB L'Hospitalet (Spain),2008 Rnd 1 Pick 24,Republic of the Congo
,,,,,,,,,,Spain
9,Andre Iguodala,SF,6-6,215,38,Golden State Warriors,17,Arizona,2004 Rnd 1 Pick 9,United States
0,Joe Ingles,F,6-8,226,34,Portland Trail Blazers,7,Melbourne South (Australia),"2009 NBA Draft, Undrafted",Australia
14,Brandon Ingram,SF,6-7,190,24,New Orleans Pelicans,5,Duke,2016 Rnd 1 Pick 2,United States
11,Kyrie Irving,G,6-2,195,30,Brooklyn Nets,10,Duke,2011 Rnd 1 Pick 1,United States
,,,,,,,,,,Australia
1,Jonathan Isaac,SF,6-10,230,24,Orlando Magic,4,Florida State,2017 Rnd 1 Pick 6,United States
5,Frank Jackson,SG,6-3,205,23,Detroit Pistons,4,Duke,2017 Rnd 2 Pick 1,United States
23,Isaiah Jackson,PF,6-10,206,20,Indiana Pacers,0,Kentucky,2021 Rnd 1 Pick 22,United States
55,Josh Jackson,SF,6-8,207,25,Sacramento Kings,4,Kansas,2017 Rnd 1 Pick 4,United States
13,"Jaren Jackson, Jr.",PF,6-11,242,22,Memphis Grizzlies,3,Michigan State,2018 Rnd 1 Pick 4,United States
1,Reggie Jackson,G,6-2,208,32,Los Angeles Clippers,10,Boston College,2011 Rnd 1 Pick 24,Italy
,,,,,,,,,,United States
6,LeBron James,F,6-8,250,37,Los Angeles Lakers,18,St. Vincent St. Mary High School (Ohio),2003 Rnd 1 Pick 1,United States
10,Ty Jerome,PG,6-5,195,24,Oklahoma City Thunder,2,Virginia,2019 Rnd 1 Pick 24,United States
7,Isaiah Joe,SG,6-3,175,22,Philadelphia Sixers,1,Arkansas,2020 Rnd 2 Pick 19,United States
23,Cameron Johnson,G,6-9,210,26,Phoenix Suns,2,North Carolina,2019 Rnd 1 Pick 11,United States
13,David Johnson,SG,6-5,210,21,Toronto Raptors,0,Louisville,2021 Rnd 2 Pick 17,United States
1,Jalen Johnson,PF,6-9,220,20,Atlanta Hawks,0,Duke,2021 Rnd 1 Pick 20,United States
3,Keldon Johnson,SF,6-6,210,22,San Antonio Spurs,2,Kentucky,2019 Rnd 1 Pick 29,United States
6,Keon Johnson,PG,6-4,185,20,Portland Trail Blazers,0,Tennessee,2021 Rnd 1 Pick 21,United States
14,Stanley Johnson,G,6-6,242,25,Los Angeles Lakers,6,Arizona,2015 Rnd 1 Pick 8,United States
15,Nikola Jokic,C,7-0,284,27,Denver Nuggets,6,KK Mega Bemax (Serbia),2014 Rnd 2 Pick 11,Serbia
15,Damian Jones,PF,7-0,245,26,Sacramento Kings,5,Vanderbilt,2016 Rnd 1 Pick 30,United States
5,Derrick Jones,SF,6-6,210,25,Chicago Bulls,5,UNLV,"2016 NBA Draft, Undrafted",United States
5,Herb Jones,SF,6-6,206,23,New Orleans Pelicans,0,Alabama,2021 Rnd 2 Pick 5,United States
23,Kai Jones,PF,6-10,225,21,Charlotte Hornets,0,Texas,2021 Rnd 1 Pick 19,Bahamas
40,Mason Jones,G,6-4,200,23,Los Angeles Lakers,1,Arkansas,"2020 NBA Draft, Undrafted",United States
33,Tre Jones,PG,6-3,185,22,San Antonio Spurs,1,Duke,2020 Rnd 2 Pick 11,United States
21,Tyus Jones,PG,6-1,196,25,Memphis Grizzlies,6,Duke,2015 Rnd 1 Pick 24,United States
9,DeAndre Jordan,C,6-11,265,33,Philadelphia Sixers,13,Texas A&M,2008 Rnd 2 Pick 5,United States
18,Cory Joseph,PG,6-3,200,30,Detroit Pistons,10,Texas,2011 Rnd 1 Pick 29,Canada
5,Luke Kennard,SG,6-5,206,25,Los Angeles Clippers,4,Duke,2017 Rnd 1 Pick 12,United States
8,Braxton Key,SF,6-8,225,25,Detroit Pistons,0,Virginia,"2020 NBA Draft, Undrafted",United States
24,Corey Kispert,SF,6-7,220,23,Washington Wizards,0,Gonzaga,2021 Rnd 1 Pick 15,United States
42,Maxi Kleber,PF,6-10,240,30,Dallas Mavericks,4,s.Oliver Baskets (Germany),"2014 NBA Draft, Undrafted",Germany
13,Nathan Knight,PF,6-8,244,24,Minnesota Timberwolves,1,William & Mary,"2020 NBA Draft, Undrafted",United States
5,Kevin Knox,SF,6-9,215,22,Atlanta Hawks,3,Kentucky,2018 Rnd 1 Pick 9,United States
46,John Konchar,G,6-5,210,26,Memphis Grizzlies,2,Fort Wayne,"2019 NBA Draft, Undrafted",United States
30,Furkan Korkmaz,SG,6-7,210,24,Philadelphia Sixers,4,Anadolu Efes (Turkey),2016 Rnd 1 Pick 26,Turkey
40,Luke Kornet,F,7-1,250,26,Boston Celtics,4,Vanderbilt,"2017 NBA Draft, Undrafted",United States
27,Vit Krejci,PG,6-8,195,21,Oklahoma City Thunder,0,Zaragoza U18 (Spain),2020 Rnd 2 Pick 7,Czech Republic
98,Arnoldas Kulboka,SF,6-10,225,24,Charlotte Hornets,0,Orlandina Basket (Italy),2018 Rnd 2 Pick 25,Lithuania
0,Jonathan Kuminga,F,6-8,210,19,Golden State Warriors,0,NBA G League Ignite,2021 Rnd 1 Pick 7,Democratic Republic of the Congo
33,Kyle Kuzma,F,6-10,221,26,Washington Wizards,4,Utah,2017 Rnd 1 Pick 27,United States
8,Zach LaVine,SG,6-5,202,27,Chicago Bulls,7,UCLA,2014 Rnd 1 Pick 13,United States
33,Anthony Lamb,PF,6-6,225,24,Houston Rockets,1,Vermont,"2020 NBA Draft, Undrafted",United States
26,Jeremy Lamb,SG,6-5,185,29,Sacramento Kings,9,Connecticut,2012 Rnd 1 Pick 12,United States
34,Jock Landale,C,6-11,255,26,San Antonio Spurs,0,Saint Mary's,"2018 NBA Draft, Undrafted",Australia
35,Romeo Langford,SG,6-4,215,22,San Antonio Spurs,2,Indiana,2019 Rnd 1 Pick 14,United States
10,Jake Layman,SF,6-8,212,28,Minnesota Timberwolves,5,Maryland,2016 Rnd 2 Pick 17,United States
3,Caris LeVert,G,6-6,205,27,Cleveland Cavaliers,5,Michigan,2016 Rnd 1 Pick 20,United States
1,Damion Lee,G,6-5,203,29,Golden State Warriors,4,Louisville,"2016 NBA Draft, Undrafted",United States
38,Saben Lee,PG,6-2,183,22,Detroit Pistons,1,Vanderbilt,2020 Rnd 2 Pick 8,United States
25,Alex Len,C,7-0,250,28,Sacramento Kings,8,Maryland,2013 Rnd 1 Pick 5,Ukraine
2,Kawhi Leonard,F,6-7,225,30,Los Angeles Clippers,10,San Diego State,2011 Rnd 1 Pick 15,United States
13,"Kira Lewis, Jr.",PG,6-1,170,21,New Orleans Pelicans,1,Alabama,2020 Rnd 1 Pick 13,United States
16,Scottie Lewis,SF,6-4,190,22,Charlotte Hornets,0,Florida,2021 Rnd 2 Pick 26,United States
0,Damian Lillard,G,6-2,195,31,Portland Trail Blazers,9,Weber State,2012 Rnd 1 Pick 6,United States
9,Nassir Little,SF,6-5,220,22,Portland Trail Blazers,2,North Carolina,2019 Rnd 1 Pick 25,United States
12,Isaiah Livers,PF,6-7,230,23,Detroit Pistons,0,Michigan,2021 Rnd 2 Pick 12,United States
5,Kevon Looney,PF,6-9,250,26,Golden State Warriors,6,UCLA,2015 Rnd 1 Pick 30,United States
11,Brook Lopez,C,7-0,270,34,Milwaukee Bucks,13,Stanford,2008 Rnd 1 Pick 10,United States
33,Robin Lopez,FC,7-0,281,34,Orlando Magic,13,Stanford,2008 Rnd 1 Pick 15,United States
35,Didi Louzada,SF,6-5,210,22,Portland Trail Blazers,1,Franca (Brazil),2019 Rnd 2 Pick 5,Brazil
0,Kevin Love,FC,6-8,247,33,Cleveland Cavaliers,13,UCLA,2008 Rnd 1 Pick 5,United States
7,Kyle Lowry,PG,6-1,196,36,Miami Heat,15,Villanova,2006 Rnd 1 Pick 24,United States
19,Gabriel Lundberg,G,6-4,202,27,Phoenix Suns,0,BMS Herlev Wolfpack (Denmark),"2016 NBA Draft, Undrafted",Denmark
7,Timothe Luwawu-Cabarrot,F,6-7,210,26,Atlanta Hawks,5,KK Mega Bemax (Serbia),2016 Rnd 1 Pick 24,France
41,Trey Lyles,SF,6-9,234,26,Sacramento Kings,6,Kentucky,2015 Rnd 1 Pick 12,Canada
,,,,,,,,,,United States
11,Theo Maledon,PG,6-5,180,20,Oklahoma City Thunder,1,ASVEL Basket (France),2020 Rnd 2 Pick 4,France
54,Sandro Mamukelashvili,F,6-11,240,24,Milwaukee Bucks,0,Seton Hall,2021 Rnd 2 Pick 24,Georgia
14,Terance Mann,SG,6-5,215,25,Los Angeles Clippers,2,Florida State,2019 Rnd 2 Pick 18,United States
23,Tre Mann,PG,6-5,190,21,Oklahoma City Thunder,0,Florida,2021 Rnd 1 Pick 18,United States
51,Boban Marjanovic,C,7-4,290,33,Dallas Mavericks,6,KK Vrsac Swisslion (Serbia),"2010 NBA Draft, Undrafted",Serbia
24,Lauri Markkanen,SF,7-0,238,24,Cleveland Cavaliers,4,Arizona,2017 Rnd 1 Pick 7,Finland
8,Naji Marshall,SF,6-7,220,24,New Orleans Pelicans,1,Xavier,"2020 NBA Draft, Undrafted",United States
16,Caleb Martin,F,6-7,205,26,Miami Heat,2,Nevada,"2019 NBA Draft, Undrafted",United States
11,Cody Martin,F,6-6,200,26,Charlotte Hornets,2,Nevada,2019 Rnd 2 Pick 6,United States
6,K.J. Martin,F,6-7,215,21,Houston Rockets,1,IMG Academy (Florida),2020 Rnd 2 Pick 22,United States
24,Garrison Mathews,SG,6-5,215,25,Houston Rockets,2,Lipscomb,"2019 NBA Draft, Undrafted",United States
23,Wesley Matthews,G,6-5,220,35,Milwaukee Bucks,12,Marquette,"2009 NBA Draft, Undrafted",United States
0,Tyrese Maxey,PG,6-2,195,21,Philadelphia Sixers,1,Kentucky,2020 Rnd 1 Pick 21,United States
4,Skylar Mays,PG,6-4,205,24,Atlanta Hawks,1,LSU,2020 Rnd 2 Pick 20,United States
2,Miles McBride,G,6-2,196,21,New York Knicks,0,West Virginia,2021 Rnd 2 Pick 6,United States
37,Mac McClung,PG,6-2,185,23,Los Angeles Lakers,0,Texas Tech,"2021 NBA Draft, Undrafted",United States
3,C.J. McCollum,G,6-3,190,30,New Orleans Pelicans,8,Lehigh,2013 Rnd 1 Pick 10,United States
9,T.J. McConnell,G,6-2,190,30,Indiana Pacers,6,Arizona,"2015 NBA Draft, Undrafted",United States
3,Jaden McDaniels,F,6-9,185,21,Minnesota Timberwolves,1,Washington,2020 Rnd 1 Pick 28,United States
6,Jalen McDaniels,PF,6-9,212,24,Charlotte Hornets,2,San Diego State,2019 Rnd 2 Pick 22,United States
17,Doug McDermott,F,6-8,225,30,San Antonio Spurs,7,Creighton,2014 Rnd 1 Pick 11,United States
34,JaVale McGee,C,7-0,270,34,Phoenix Suns,13,Nevada,2008 Rnd 1 Pick 18,United States
17,Rodney McGruder,SG,6-4,205,30,Detroit Pistons,5,Kansas State,"2013 NBA Draft, Undrafted",United States
6,Jordan McLaughlin,G,6-1,185,26,Minnesota Timberwolves,2,USC,"2018 NBA Draft, Undrafted",United States
23,Ben McLemore,SG,6-3,195,29,Portland Trail Blazers,8,Kansas,2013 Rnd 1 Pick 7,United States
0,De'Anthony Melton,SG,6-2,200,23,Memphis Grizzlies,3,USC,2018 Rnd 2 Pick 16,United States
25,Chimezie Metu,PF,6-10,225,25,Sacramento Kings,3,USC,2018 Rnd 2 Pick 19,United States
,,,,,,,,,,Nigeria
22,Khris Middleton,SF,6-8,222,30,Milwaukee Bucks,9,Texas A&M,2012 Rnd 2 Pick 9,United States
8,Patty Mills,G,6-0,180,33,Brooklyn Nets,12,Saint Mary's,2009 Rnd 2 Pick 25,Australia
8,Paul Millsap,FC,6-7,250,37,Philadelphia Sixers,15,Louisiana Tech,2006 Rnd 2 Pick 17,United States
18,Shake Milton,SG,6-5,215,25,Philadelphia Sixers,3,Southern Methodist,2018 Rnd 2 Pick 24,United States
15,Davion Mitchell,PG,6-2,205,23,Sacramento Kings,0,Baylor,2021 Rnd 1 Pick 9,United States
45,Donovan Mitchell,SG,6-3,215,25,Utah Jazz,4,Louisville,2017 Rnd 1 Pick 13,United States
4,Evan Mobley,PF,7-0,215,20,Cleveland Cavaliers,0,USC,2021 Rnd 1 Pick 3,United States
11,Malik Monk,SG,6-3,200,24,Los Angeles Lakers,4,Kentucky,2017 Rnd 1 Pick 11,United States
15,Greg Monroe,FC,6-11,265,31,Minnesota Timberwolves,9,Georgetown,2010 Rnd 1 Pick 7,United States
4,Moses Moody,SG,6-6,205,19,Golden State Warriors,0,Arkansas,2021 Rnd 1 Pick 14,United States
15,Xavier Moon,SG,6-2,165,27,Los Angeles Clippers,0,Morehead State,"2017 NBA Draft, Undrafted",United States
12,Ja Morant,G,6-3,175,22,Memphis Grizzlies,2,Murray State,2019 Rnd 1 Pick 2,United States
16,Juwan Morgan,PF,6-7,232,25,Boston Celtics,2,Indiana,"2019 NBA Draft, Undrafted",United States
8,Marcus Morris,F,6-8,218,32,Los Angeles Clippers,10,Kansas,2011 Rnd 1 Pick 14,United States
8,Markieff Morris,PF,6-10,245,32,Miami Heat,10,Kansas,2011 Rnd 1 Pick 13,United States
11,Monte Morris,G,6-2,183,26,Denver Nuggets,4,Iowa State,2017 Rnd 2 Pick 21,United States
,,,,,,,,,,Nigeria
12,Mychal Mulder,GF,6-4,193,27,Miami Heat,2,Kentucky,"2017 NBA Draft, Undrafted",Canada
25,Trey Murphy III,G,6-8,208,21,New Orleans Pelicans,0,Virginia,2021 Rnd 1 Pick 17,United States
5,Dejounte Murray,SG,6-5,180,25,San Antonio Spurs,5,Washington,2016 Rnd 1 Pick 29,United States
27,Jamal Murray,SG,6-4,215,25,Denver Nuggets,5,Kentucky,2016 Rnd 1 Pick 7,Canada
33,Mike Muscala,FC,6-11,240,30,Oklahoma City Thunder,8,Bucknell,2013 Rnd 2 Pick 14,United States
14,Svi Mykhailiuk,SF,6-8,205,24,Toronto Raptors,3,Kansas,2018 Rnd 2 Pick 17,Ukraine
22,"Larry Nance, Jr.",SF,6-7,245,29,New Orleans Pelicans,6,Wyoming,2015 Rnd 1 Pick 27,United States
5,R.J. Nembhard,PG,6-5,200,23,Cleveland Cavaliers,0,Texas Christian,"2021 NBA Draft, Undrafted",United States
26,Aaron Nesmith,F,6-6,213,22,Boston Celtics,1,Vanderbilt,2020 Rnd 1 Pick 14,United States
19,Raulzinho Neto,PG,6-1,180,29,Washington Wizards,6,Acunsa GBC (Spain),2013 Rnd 2 Pick 17,Brazil
20,Georges Niang,F,6-7,235,28,Philadelphia Sixers,5,Iowa State,2016 Rnd 2 Pick 20,United States
15,Daishen Nix,GF,6-5,224,20,Houston Rockets,0,NBA G League Ignite,"2021 NBA Draft, Undrafted",United States
22,Zeke Nnaji,PF,6-11,240,21,Denver Nuggets,1,Arizona,2020 Rnd 1 Pick 22,United States
3,Nerlens Noel,FC,6-11,220,28,New York Knicks,8,Kentucky,2013 Rnd 1 Pick 6,United States
4,Jaylen Nowell,SG,6-4,197,22,Minnesota Timberwolves,2,Washington,2019 Rnd 2 Pick 13,United States
21,Frank Ntilikina,PG,6-6,200,23,Dallas Mavericks,4,Strasbourg IG (France),2017 Rnd 1 Pick 8,Belgium
,,,,,,,,,,France
12,Kendrick Nunn,SG,6-3,195,26,Los Angeles Lakers,3,Oakland,"2018 NBA Draft, Undrafted",United States
27,Jusuf Nurkic,FC,7-0,290,27,Portland Trail Blazers,7,Cedevita (Croatia),2014 Rnd 1 Pick 16,Bosnia and Herzegovina
2,David Nwaba,G,6-5,219,29,Houston Rockets,5,Cal Poly,"2016 NBA Draft, Undrafted",United States
13,Jordan Nwora,F,6-8,226,23,Milwaukee Bucks,1,Louisville,2020 Rnd 2 Pick 15,United States
,,,,,,,,,,Nigeria
23,Royce O'Neale,SF,6-6,226,28,Utah Jazz,4,Baylor,"2015 NBA Draft, Undrafted",United States
3,Chuma Okeke,PF,6-8,230,23,Orlando Magic,1,Auburn,2019 Rnd 1 Pick 16,United States
20,Josh Okogie,SG,6-4,220,23,Minnesota Timberwolves,3,Georgia Tech,2018 Rnd 1 Pick 20,Nigeria
,,,,,,,,,,United States
17,Onyeka Okongwu,PF,6-9,245,21,Atlanta Hawks,1,USC,2020 Rnd 1 Pick 6,United States
35,Isaac Okoro,SG,6-5,225,21,Cleveland Cavaliers,1,Auburn,2020 Rnd 1 Pick 5,United States
4,Victor Oladipo,G,6-4,210,29,Miami Heat,8,Indiana,2013 Rnd 1 Pick 2,United States
13,Kelly Olynyk,C,6-11,240,31,Detroit Pistons,8,Gonzaga,2013 Rnd 1 Pick 13,Canada
16,Cedi Osman,GF,6-7,230,27,Cleveland Cavaliers,4,Anadolu Efes (Turkey),2015 Rnd 2 Pick 1,North Macedonia
,,,,,,,,,,Turkey
12,"Kelly Oubre, Jr.",SF,6-6,205,26,Charlotte Hornets,6,Kansas,2015 Rnd 1 Pick 15,United States
0,Eric Paschall,F,6-6,264,25,Utah Jazz,2,Villanova,2019 Rnd 2 Pick 11,United States
3,Chris Paul,PG,6-0,175,36,Phoenix Suns,16,Wake Forest,2005 Rnd 1 Pick 4,United States
15,Cameron Payne,G,6-3,190,27,Phoenix Suns,6,Murray State,2015 Rnd 1 Pick 14,United States
20,Gary Payton II,G,6-3,195,29,Golden State Warriors,5,Oregon State,"2016 NBA Draft, Undrafted",United States
2,Elfrid Payton,G,6-4,185,28,Phoenix Suns,7,Louisiana,2014 Rnd 1 Pick 10,United States
24,Jamorko Pickett,F,6-8,198,24,Detroit Pistons,0,Georgetown,"2021 NBA Draft, Undrafted",United States
1,Theo Pinson,SG,6-5,212,26,Dallas Mavericks,3,North Carolina,"2018 NBA Draft, Undrafted",United States
24,Mason Plumlee,PF,7-0,250,32,Charlotte Hornets,8,Duke,2013 Rnd 1 Pick 22,United States
25,Jakob Poeltl,C,7-0,240,26,San Antonio Spurs,5,Utah,2016 Rnd 1 Pick 9,Austria
17,Aleksej Pokusevski,C,7-0,190,20,Oklahoma City Thunder,1,Olympiacos U18 (Greece),2020 Rnd 1 Pick 17,Serbia
5,Yves Pons,GF,6-6,206,22,Memphis Grizzlies,0,Tennessee,"2021 NBA Draft, Undrafted",Haiti
,,,,,,,,,,France
3,Jordan Poole,SG,6-4,195,22,Golden State Warriors,2,Michigan,2019 Rnd 1 Pick 28,United States
3,"Kevin Porter, Jr.",SF,6-4,203,21,Houston Rockets,2,USC,2019 Rnd 1 Pick 30,United States
1,"Michael Porter, Jr.",PF,6-10,218,23,Denver Nuggets,3,Missouri,2018 Rnd 1 Pick 14,United States
32,Otto Porter,SF,6-8,228,28,Golden State Warriors,8,Georgetown,2013 Rnd 1 Pick 3,United States
1,Bobby Portis,PF,6-11,250,27,Milwaukee Bucks,6,Arkansas,2015 Rnd 1 Pick 22,United States
6,Kristaps Porzingis,FC,7-3,240,26,Washington Wizards,6,Coosur Real Betis (Spain),2015 Rnd 1 Pick 4,Latvia
7,Dwight Powell,PF,6-10,240,30,Dallas Mavericks,7,Stanford,2014 Rnd 2 Pick 15,Canada
5,Myles Powell,SG,6-2,195,24,Philadelphia Sixers,1,Seton Hall,"2020 NBA Draft, Undrafted",United States
24,Norman Powell,SG,6-3,215,28,Los Angeles Clippers,6,UCLA,2015 Rnd 2 Pick 16,United States
17,Jason Preston,G,6-3,181,22,Los Angeles Clippers,0,Ohio,2021 Rnd 2 Pick 3,United States
11,Joshua Primo,G,6-6,190,19,San Antonio Spurs,0,Alabama,2021 Rnd 1 Pick 12,Canada
12,Taurean Prince,F,6-7,218,28,Minnesota Timberwolves,5,Baylor,2016 Rnd 1 Pick 12,United States
11,Payton Pritchard,PG,6-2,190,24,Boston Celtics,1,Oregon,2020 Rnd 1 Pick 26,United States
20,Trevelin Queen,G,6-6,190,25,Houston Rockets,0,New Mexico State,"2020 NBA Draft, Undrafted",United States
88,Neemias Queta,C,7-0,245,22,Sacramento Kings,0,Utah State,2021 Rnd 2 Pick 9,Portugal
5,Immanuel Quickley,PG,6-3,188,22,New York Knicks,1,Kentucky,2020 Rnd 1 Pick 25,United States
30,Julius Randle,PF,6-9,250,27,New York Knicks,7,Kentucky,2014 Rnd 1 Pick 7,United States
15,Austin Reaves,PG,6-5,206,23,Los Angeles Lakers,0,Oklahoma,"2021 NBA Draft, Undrafted",United States
21,Cam Reddish,G,6-8,218,22,New York Knicks,2,Duke,2019 Rnd 1 Pick 10,United States
9,Davon Reed,SF,6-5,208,26,Denver Nuggets,2,Miami (FL),2017 Rnd 2 Pick 2,United States
44,"Paul Reed, Jr.",F,6-9,220,22,Philadelphia Sixers,1,DePaul,2020 Rnd 2 Pick 28,United States
11,Naz Reid,C,6-9,250,22,Minnesota Timberwolves,2,LSU,"2019 NBA Draft, Undrafted",United States
14,Nick Richards,C,7-0,250,24,Charlotte Hornets,1,Kentucky,2020 Rnd 2 Pick 12,Jamaica
7,Josh Richardson,G,6-5,200,28,San Antonio Spurs,6,Tennessee,2015 Rnd 2 Pick 10,United States
25,Austin Rivers,SG,6-4,200,29,Denver Nuggets,9,Duke,2012 Rnd 1 Pick 10,United States
55,Duncan Robinson,F,6-8,210,27,Miami Heat,3,Michigan,"2018 NBA Draft, Undrafted",United States
23,Mitchell Robinson,C,7-1,240,24,New York Knicks,3,,2018 Rnd 2 Pick 6,United States
50,Jeremiah Robinson-Earl,PF,6-9,230,21,Oklahoma City Thunder,0,Villanova,2021 Rnd 2 Pick 2,United States
22,Isaiah Roby,SF,6-8,230,24,Oklahoma City Thunder,2,Nebraska,2019 Rnd 2 Pick 15,United States
1,Rajon Rondo,PG,6-1,180,36,Cleveland Cavaliers,15,Kentucky,2006 Rnd 1 Pick 21,United States
4,Derrick Rose,PG,6-3,200,33,New York Knicks,13,Memphis,2008 Rnd 1 Pick 1,United States
31,Terrence Ross,SF,6-7,206,31,Orlando Magic,9,Washington,2012 Rnd 1 Pick 8,United States
3,Terry Rozier,G,6-1,195,28,Charlotte Hornets,6,Louisville,2015 Rnd 1 Pick 16,United States
99,Ricky Rubio,G,6-3,190,31,Indiana Pacers,10,Joventut Badalona (Spain),2009 Rnd 1 Pick 5,Spain
0,D'Angelo Russell,SG,6-4,193,26,Minnesota Timberwolves,6,Ohio State,2015 Rnd 1 Pick 2,United States
4,Matt Ryan,SF,6-7,215,25,Boston Celtics,0,Chattanooga,"2020 NBA Draft, Undrafted",United States
10,Domantas Sabonis,PF,6-11,240,25,Sacramento Kings,5,Gonzaga,2016 Rnd 1 Pick 11,United States
,,,,,,,,,,Lithuania
20,Dario Saric,SF,6-10,250,28,Phoenix Suns,5,KK Cibona (Croatia),2014 Rnd 1 Pick 12,Croatia
31,Tomas Satoransky,PG,6-7,210,30,Washington Wizards,5,Coosur Real Betis (Spain),2012 Rnd 2 Pick 2,Czech Republic
20,Jordan Schakel,SF,6-6,200,23,Washington Wizards,0,San Diego State,"2021 NBA Draft, Undrafted",United States
25,Admiral Schofield,SF,6-5,241,25,Orlando Magic,1,Tennessee,2019 Rnd 2 Pick 12,United States
17,Dennis Schroder,PG,6-3,172,28,Houston Rockets,8,Basketball Lowen Braunschweig (Germany),2013 Rnd 1 Pick 17,Germany
0,Jayden Scrubb,SG,6-5,220,21,Los Angeles Clippers,1,John A. Logan,2020 Rnd 2 Pick 25,United States
28,Alperen Sengun,C,6-9,235,19,Houston Rockets,0,Besiktas Icrypex (Turkey),2021 Rnd 1 Pick 16,Turkey
2,Collin Sexton,PG,6-1,192,23,Cleveland Cavaliers,3,Alabama,2018 Rnd 1 Pick 8,United States
14,Landry Shamet,PG,6-4,190,25,Phoenix Suns,3,Wichita State,2018 Rnd 1 Pick 26,United States
20,Day'Ron Sharpe,PF,6-9,264,20,Brooklyn Nets,0,North Carolina,2021 Rnd 1 Pick 29,United States
43,Pascal Siakam,F,6-9,230,28,Toronto Raptors,5,New Mexico State,2016 Rnd 1 Pick 27,Cameroon
10,Ben Simmons,PF,6-10,240,25,Brooklyn Nets,5,LSU,2016 Rnd 1 Pick 1,Australia
19,Marko Simonovic,C,6-11,220,22,Chicago Bulls,0,KK Mega Bemax (Serbia),2020 Rnd 2 Pick 14,Montenegro
1,Anfernee Simons,SG,6-3,181,22,Portland Trail Blazers,3,IMG Academy (Florida),2018 Rnd 1 Pick 24,United States
45,Jericho Sims,C,6-10,240,24,New York Knicks,0,Texas,2021 Rnd 2 Pick 28,United States
15,Ja'Vonte Smart,G,6-4,205,22,Miami Heat,0,LSU,"2021 NBA Draft, Undrafted",United States
36,Marcus Smart,PG,6-3,220,28,Boston Celtics,7,Oklahoma State,2014 Rnd 1 Pick 6,United States
4,Ish Smith,PG,6-0,180,33,Washington Wizards,11,Wake Forest,"2010 NBA Draft, Undrafted",United States
25,Jalen Smith,C,6-10,215,22,Indiana Pacers,1,Maryland,2020 Rnd 1 Pick 10,United States
19,Xavier Sneed,SF,6-5,215,24,Utah Jazz,0,Kansas State,"2020 NBA Draft, Undrafted",United States
21,Tony Snell,G,6-6,213,30,New Orleans Pelicans,8,New Mexico,2013 Rnd 1 Pick 20,United States
11,Jaden Springer,SG,6-4,205,19,Philadelphia Sixers,0,Tennessee,2021 Rnd 1 Pick 28,United States
13,Nik Stauskas,SG,6-6,205,28,Boston Celtics,5,Michigan,2014 Rnd 1 Pick 8,Canada
6,Lance Stephenson,SG,6-6,230,31,Indiana Pacers,9,Cincinnati,2010 Rnd 2 Pick 10,United States
8,Lamar Stevens,SF,6-8,225,24,Cleveland Cavaliers,1,Penn State,"2020 NBA Draft, Undrafted",United States
28,Isaiah Stewart II,C,6-9,250,20,Detroit Pistons,1,Washington,2020 Rnd 1 Pick 16,United States
16,"D.J. Stewart, Jr.",SG,6-6,205,22,San Antonio Spurs,0,Mississippi State,"2021 NBA Draft, Undrafted",United States
31,Max Strus,G,6-5,220,26,Miami Heat,2,DePaul,"2019 NBA Draft, Undrafted",United States
4,Jalen Suggs,SG,6-4,205,20,Orlando Magic,0,Gonzaga,2021 Rnd 1 Pick 5,United States
8,Jae'sean Tate,F,6-4,230,26,Houston Rockets,1,Ohio State,"2018 NBA Draft, Undrafted",United States
0,Jayson Tatum,SF,6-8,210,24,Boston Celtics,4,Duke,2017 Rnd 1 Pick 3,United States
32,Terry Taylor,GF,6-5,230,22,Indiana Pacers,0,Austin Peay,"2021 NBA Draft, Undrafted",United States
41,Garrett Temple,G,6-5,195,35,New Orleans Pelicans,11,LSU,"2009 NBA Draft, Undrafted",United States
3,Tyrell Terry,PG,6-2,170,21,Memphis Grizzlies,1,Stanford,2020 Rnd 2 Pick 1,United States
27,Daniel Theis,C,6-8,245,30,Boston Celtics,4,Ratiopharm Ulm (Germany),"2013 NBA Draft, Undrafted",Germany
97,Brodric Thomas,G,6-5,185,25,Boston Celtics,1,Truman State,"2020 NBA Draft, Undrafted",United States
24,Cam Thomas,PG,6-3,210,20,Brooklyn Nets,0,LSU,2021 Rnd 1 Pick 27,United States
31,Isaiah Thomas,PG,5-9,185,33,Charlotte Hornets,10,Washington,2011 Rnd 2 Pick 30,United States
21,Matt Thomas,G,6-4,190,27,Chicago Bulls,2,Iowa State,"2017 NBA Draft, Undrafted",United States
11,Klay Thompson,G,6-6,215,32,Golden State Warriors,10,Washington State,2011 Rnd 1 Pick 11,United States
3,Tristan Thompson,F,6-9,254,31,Chicago Bulls,10,Texas,2011 Rnd 1 Pick 4,Canada
21,J.T. Thor,PF,6-9,205,19,Charlotte Hornets,0,Auburn,2021 Rnd 2 Pick 7,United States
22,Matisse Thybulle,SF,6-5,205,25,Philadelphia Sixers,2,Washington,2019 Rnd 1 Pick 20,United States
,,,,,,,,,,Australia
35,Killian Tillie,C,6-10,220,24,Memphis Grizzlies,1,Gonzaga,"2020 NBA Draft, Undrafted",France
2,"Xavier Tillman, Sr.",PF,6-8,245,23,Memphis Grizzlies,1,Michigan State,2020 Rnd 2 Pick 5,United States
14,Isaiah Todd,PF,6-10,210,20,Washington Wizards,0,NBA G League Ignite,2021 Rnd 2 Pick 1,United States
1,Obi Toppin,F,6-9,193,24,New York Knicks,1,Dayton,2020 Rnd 1 Pick 8,United States
95,Juan Toscano-Anderson,F,6-6,213,29,Golden State Warriors,2,Marquette,"2015 NBA Draft, Undrafted",United States
,,,,,,,,,,Mexico
32,Karl-Anthony Towns,C,7-0,250,26,Minnesota Timberwolves,6,Kentucky,2015 Rnd 1 Pick 1,United States
,,,,,,,,,,Dominican Republic
33,"Gary Trent, Jr.",SG,6-6,205,23,Toronto Raptors,3,Duke,2018 Rnd 2 Pick 7,United States
17,P.J. Tucker,SF,6-6,245,36,Miami Heat,10,Texas,2006 Rnd 2 Pick 5,United States
59,Rayjon Tucker,SF,6-3,209,24,Milwaukee Bucks,2,Little Rock,"2019 NBA Draft, Undrafted",United States
33,Myles Turner,FC,6-11,250,26,Indiana Pacers,6,Texas,2015 Rnd 1 Pick 11,United States
17,Jonas Valanciunas,C,6-11,265,29,New Orleans Pelicans,9,Lietuvos Rytas (Lithuania),2011 Rnd 1 Pick 5,Lithuania
23,Fred VanVleet,G,6-0,195,28,Toronto Raptors,5,Wichita State,"2016 NBA Draft, Undrafted",United States
3,Jarred Vanderbilt,PF,6-8,214,23,Minnesota Timberwolves,3,Kentucky,2018 Rnd 2 Pick 11,United States
24,Devin Vassell,SG,6-7,195,21,San Antonio Spurs,1,Florida State,2020 Rnd 1 Pick 11,United States
6,Luca Vildoza,PG,6-3,190,26,Milwaukee Bucks,1,Quilmes (Argentina),"2017 NBA Draft, Undrafted",Argentina
2,Gabe Vincent,G,6-3,195,25,Miami Heat,2,UC Santa Barbara,"2018 NBA Draft, Undrafted",United States
,,,,,,,,,,Nigeria
9,Nikola Vucevic,PF,7-0,260,31,Chicago Bulls,10,USC,2011 Rnd 1 Pick 16,Switzerland
,,,,,,,,,,Montenegro
32,Dean Wade,PF,6-9,219,25,Cleveland Cavaliers,2,Kansas State,"2019 NBA Draft, Undrafted",United States
21,Franz Wagner,SF,6-9,225,20,Orlando Magic,0,Michigan,2021 Rnd 1 Pick 8,Germany
21,Moe Wagner,PF,6-11,245,24,Orlando Magic,3,Michigan,2018 Rnd 1 Pick 25,Germany
12,Ishmail Wainright,GF,6-5,235,27,Phoenix Suns,0,Baylor,"2017 NBA Draft, Undrafted",United States
,,,,,,,,,,Uganda
8,Kemba Walker,G,6-0,184,31,New York Knicks,10,Connecticut,2011 Rnd 1 Pick 9,United States
1,Lonnie Walker,SG,6-5,205,23,San Antonio Spurs,3,Miami (FL),2018 Rnd 1 Pick 18,United States
1,John Wall,PG,6-4,210,31,Houston Rockets,11,Kentucky,2010 Rnd 1 Pick 1,United States
1,T.J. Warren,F,6-8,215,28,Indiana Pacers,7,NC State,2014 Rnd 1 Pick 14,United States
4,"Duane Washington, Jr.",G,6-3,210,22,Indiana Pacers,0,Ohio State,"2021 NBA Draft, Undrafted",United States
25,P.J. Washington,PF,6-7,230,23,Charlotte Hornets,2,Kentucky,2019 Rnd 1 Pick 12,United States
18,Yuta Watanabe,F,6-9,205,27,Toronto Raptors,3,George Washington,"2018 NBA Draft, Undrafted",Japan
12,Lindy Waters III,SG,6-6,215,25,Oklahoma City Thunder,0,Oklahoma State,"2020 NBA Draft, Undrafted",United States
2,Trendon Watford,SF,6-9,237,21,Portland Trail Blazers,0,LSU,"2021 NBA Draft, Undrafted",United States
15,Quinndary Weatherspoon,SG,6-3,205,25,Golden State Warriors,2,Mississippi State,2019 Rnd 2 Pick 19,United States
0,Russell Westbrook,G,6-3,200,33,Los Angeles Lakers,13,UCLA,2008 Rnd 1 Pick 4,United States
0,Coby White,PG,6-5,191,22,Chicago Bulls,2,North Carolina,2019 Rnd 1 Pick 7,United States
9,Derrick White,G,6-4,195,27,Boston Celtics,4,Colorado,2017 Rnd 1 Pick 29,United States
21,Hassan Whiteside,C,7-0,265,32,Utah Jazz,9,Marshall,2010 Rnd 2 Pick 3,United States
15,Joe Wieskamp,SF,6-6,210,22,San Antonio Spurs,0,Iowa,2021 Rnd 2 Pick 11,United States
21,Aaron Wiggins,F,6-6,200,23,Oklahoma City Thunder,0,Maryland,2021 Rnd 2 Pick 25,United States
22,Andrew Wiggins,F,6-7,205,27,Golden State Warriors,7,Kansas,2014 Rnd 1 Pick 1,Canada
28,Lindell Wigginton,SG,6-1,189,24,Milwaukee Bucks,0,Iowa State,"2019 NBA Draft, Undrafted",Canada
5,Brandon Williams,PG,6-2,190,22,Portland Trail Blazers,0,Arizona,"2021 NBA Draft, Undrafted",United States
40,Grant Williams,SF,6-6,236,23,Boston Celtics,2,Tennessee,2019 Rnd 1 Pick 22,United States
34,Kenrich Williams,SF,6-7,210,27,Oklahoma City Thunder,3,Texas Christian,"2018 NBA Draft, Undrafted",United States
23,Lou Williams,G,6-1,175,35,Atlanta Hawks,16,South Gwinnett High School (Georgia),2005 Rnd 2 Pick 15,United States
44,Patrick Williams,G,6-7,227,20,Chicago Bulls,1,Florida State,2020 Rnd 1 Pick 4,United States
44,Robert Williams,PF,6-8,240,24,Boston Celtics,3,Texas A&M,2018 Rnd 1 Pick 27,United States
8,Ziaire Williams,F,6-9,185,20,Memphis Grizzlies,0,Stanford,2021 Rnd 1 Pick 10,United States
1,Zion Williamson,PF,6-6,284,21,New Orleans Pelicans,2,Duke,2019 Rnd 1 Pick 1,United States
9,Dylan Windler,SF,6-6,199,25,Cleveland Cavaliers,2,Belmont,2019 Rnd 1 Pick 26,United States
26,Justise Winslow,SF,6-6,222,26,Portland Trail Blazers,6,Duke,2015 Rnd 1 Pick 10,United States
5,Cassius Winston,PG,6-1,185,24,Washington Wizards,1,Michigan State,2020 Rnd 2 Pick 23,United States
33,James Wiseman,C,7-0,244,21,Golden State Warriors,1,Memphis,2020 Rnd 1 Pick 2,United States
35,Christian Wood,PF,6-10,223,26,Houston Rockets,5,UNLV,"2015 NBA Draft, Undrafted",United States
28,Robert Woodard II,G,6-7,235,22,San Antonio Spurs,1,Mississippi State,2020 Rnd 2 Pick 10,United States
55,Delon Wright,G,6-5,185,29,Atlanta Hawks,6,Utah,2015 Rnd 1 Pick 20,United States
25,McKinley Wright,PG,6-0,196,23,Minnesota Timberwolves,0,Colorado,"2021 NBA Draft, Undrafted",United States
5,Moses Wright,FC,6-8,226,23,Dallas Mavericks,0,Georgia Tech,"2021 NBA Draft, Undrafted",United States
8,Gabe York,SG,6-3,184,28,Indiana Pacers,0,Arizona,"2016 NBA Draft, Undrafted",United States
30,Thaddeus Young,F,6-8,235,33,Toronto Raptors,14,Georgia Tech,2007 Rnd 1 Pick 12,United States
11,Trae Young,PG,6-1,180,23,Atlanta Hawks,3,Oklahoma,2018 Rnd 1 Pick 5,United States
77,Omer Yurtseven,C,7-0,265,23,Miami Heat,1,Georgetown,"2020 NBA Draft, Undrafted",Uzbekistan
,,,,,,,,,,Turkey
40,Ivica Zubac,C,7-0,240,25,Los Angeles Clippers,5,KK Mega Bemax (Serbia),2016 Rnd 2 Pick 2,Bosnia and Herzegovina
,,,,,,,,,,Croatia
